edad,ingreso_mensual,antiguedad_cuenta_meses,num_transacciones_30d,monto_promedio,dispositivo_nuevo,ip_compartida,hora_madrugada,fraude
56,6672354,105,79,1798098,0,0,0,0
69,3718258,39,149,613291,0,0,0,0
46,2015502,15,138,717755,0,0,0,0
32,6613439,119,58,574046,0,0,1,0
60,7951576,29,120,326456,0,0,0,0
25,5426038,29,167,1389390,0,0,0,0
38,2221796,75,133,1044262,1,1,0,1
56,3562779,116,65,92279,0,1,0,0
36,3119049,32,13,25434,0,0,1,0
40,7092518,2,181,729407,0,0,0,0
28,4520464,47,82,450991,1,0,0,0
28,2992614,78,173,347913,0,0,1,0
41,6442325,84,160,1828618,0,0,0,0
53,6492889,22,164,338821,0,1,1,0
57,1570173,75,188,93555,0,0,0,0
41,3469355,27,139,1711243,1,0,0,0
20,4212504,67,191,1799856,0,0,1,1
39,5653260,81,149,1822375,0,1,0,0
19,6442264,108,52,186806,1,0,0,0
41,6675267,56,183,1946673,1,0,0,0
61,7623305,92,117,1540295,1,0,0,0
47,1267010,93,26,443819,0,0,0,0
55,2455016,21,196,1528500,0,0,1,1
19,2497900,47,34,1009430,0,1,0,0
38,5380497,80,52,78803,0,0,0,0
50,5021038,101,112,1491124,0,0,1,1
29,1723875,59,82,1936711,0,0,0,0
39,2923221,84,180,817744,0,0,0,0
61,4680993,6,157,758736,0,0,0,0
42,5531502,19,166,1536318,0,0,1,1
66,6378503,57,42,709539,0,0,0,0
44,3368103,69,21,1785378,1,0,1,1
59,881264,3,42,255404,0,0,1,0
45,823275,1,141,652249,0,0,0,0
33,3493714,58,113,1361099,0,1,0,0
32,3260072,38,105,27297,0,0,1,0
64,7282532,15,192,798443,0,0,0,0
68,5996467,34,17,1567922,0,0,1,1
61,6752793,61,120,1178810,0,0,1,1
69,1372735,35,137,578302,0,0,0,0
20,2800609,64,169,1826030,0,0,0,0
54,1712826,113,129,939242,0,0,1,0
68,3497143,25,130,1939341,1,0,1,1
24,1662522,24,60,1237146,1,0,0,0
38,1603692,12,48,793152,0,0,0,0
26,1961157,18,29,807552,0,1,0,0
56,2114532,15,97,1568309,0,0,0,0
35,1221240,108,10,1984847,1,0,0,0
21,4659744,80,58,1343572,0,1,0,0
42,7994036,27,188,1399959,0,1,0,0
31,1744789,72,21,1452721,1,0,0,0
67,3907092,60,28,1791423,0,0,0,0
26,3013573,46,34,521603,1,0,0,0
43,1325893,89,8,625863,0,0,0,0
19,7163759,17,187,1053659,0,0,0,0
37,3055363,93,177,517365,0,0,0,0
45,5988957,53,79,1677904,1,0,0,0
64,5181514,8,145,1207086,1,0,0,0
24,5856861,79,188,1238163,0,0,0,0
61,7236446,27,87,1588608,0,0,1,1
25,4948887,46,88,1797756,0,0,0,0
64,2007094,50,173,1494209,1,0,1,1
52,3021192,116,69,1032788,0,0,0,0
31,1468406,71,160,1983149,0,1,0,0
34,4468866,3,172,838791,0,0,1,0
53,5412338,93,193,1733735,0,0,0,0
67,3653406,64,87,370890,0,0,0,0
57,1833255,44,101,759122,0,0,0,0
21,7882212,53,8,655194,0,1,0,0
19,5789847,24,77,211260,1,0,0,0
23,3852766,60,87,1803795,0,0,0,0
59,1340677,3,43,787881,0,0,0,0
21,6689345,20,129,1821610,1,0,0,0
46,3894235,46,109,1590461,0,0,1,1
35,6726986,15,179,843525,0,0,0,0
43,1971459,25,152,1489018,0,0,0,0
61,6786126,94,152,1261775,1,0,1,1
51,3659653,78,17,386794,0,0,0,0
27,2766197,71,133,1543161,1,1,0,1
53,1187952,17,148,1791298,0,0,0,0
31,3009373,108,21,1740353,0,0,0,0
48,4947703,84,58,946197,0,0,0,0
65,1830117,100,159,1531466,1,1,1,1
32,3696818,9,110,393100,0,0,1,0
25,3157821,38,139,125598,1,0,0,0
31,7850680,48,180,260100,0,0,0,0
40,7931329,60,143,792877,0,0,0,0
57,1325134,63,135,718521,0,0,0,0
38,6384263,86,28,786676,1,0,1,0
33,1044761,118,51,143241,0,0,0,0
62,3730098,117,186,1798028,0,0,0,0
35,3771820,117,5,1211700,0,0,1,1
64,7228997,2,5,1523641,1,0,0,0
41,5941913,88,94,1263499,0,0,0,0
43,6871413,72,96,18036,0,0,0,0
42,864323,11,8,1614642,0,0,1,1
62,7707666,64,64,955238,0,0,0,0
58,2037715,77,138,1212821,0,0,1,1
46,1754480,81,38,1744339,1,0,0,0
32,3132811,72,111,993825,1,0,1,0
62,7481134,21,112,212747,0,0,1,0
18,1654016,18,81,1982424,0,0,0,0
42,6147417,94,136,553088,0,0,0,0
24,1664909,64,104,1346092,0,0,0,0
26,7333439,82,153,1382236,0,0,0,0
41,6609701,110,73,1865546,0,0,0,0
18,5782564,111,194,860350,0,0,0,0
61,1850493,95,178,942477,0,0,0,0
25,1082762,38,195,1391875,0,0,0,0
41,2405118,32,49,765600,0,1,0,0
28,3683427,11,36,1118076,0,1,0,0
68,2216012,45,126,177647,0,0,0,0
34,6552810,89,68,246527,0,0,1,0
25,1371650,33,78,445477,0,0,0,0
52,5276576,102,105,1693523,0,0,0,0
52,1185925,41,169,562004,0,0,1,0
50,3663793,8,122,1455028,0,0,0,0
22,5709047,11,119,1467640,0,0,1,1
59,7681289,86,190,12352,0,0,0,0
56,4557974,51,114,143004,1,0,0,0
58,1203081,88,10,872881,0,0,0,0
45,3199105,41,149,1591420,0,0,0,0
24,1178892,17,164,796261,0,0,0,0
26,4999591,76,140,1407556,0,0,0,0
25,6300545,46,91,670858,0,0,0,0
29,3954240,32,2,741478,0,0,0,0
51,1456702,79,118,60098,0,1,0,0
50,4054600,80,13,991890,0,0,0,0
65,2785296,54,181,384313,0,1,0,0
40,7077896,86,160,674929,0,1,0,0
41,2990222,92,95,257199,1,0,1,0
54,4549783,20,144,136060,0,0,0,0
52,3519269,33,32,1246530,0,0,1,1
61,6472354,74,32,1784329,0,1,1,1
57,6005597,40,124,140544,1,0,0,0
39,6084958,32,11,534628,0,0,0,0
44,5602116,114,10,709309,0,0,0,0
52,3124797,97,15,616590,0,0,0,0
18,1586667,2,17,989947,0,0,0,0
52,2153649,97,168,757028,0,0,0,0
54,6170189,33,146,477243,0,0,0,0
64,6372468,105,183,534426,0,1,0,0
31,2512503,77,153,403574,0,0,0,0
20,3785418,30,59,1702483,0,1,0,0
18,4409736,33,78,478466,0,0,1,0
22,7438155,77,124,881808,0,0,0,0
43,2184418,116,114,1682795,0,0,0,0
31,1186594,26,22,166951,0,0,0,0
56,3669760,22,158,877964,1,0,0,0
44,4606503,103,172,852210,0,0,0,0
26,4637247,66,32,572060,0,0,0,0
32,1892501,38,179,1117054,0,1,0,0
32,6038331,103,174,1516145,1,1,0,1
43,937023,90,113,561050,0,0,1,0
59,1935964,46,120,1202931,0,0,1,1
30,5526599,114,149,1777858,0,0,0,0
68,2283624,15,122,704780,0,0,0,0
49,2955748,98,32,852000,0,1,0,0
56,2756109,106,119,881522,0,0,0,0
66,3845179,119,39,1865227,0,0,0,0
69,7442461,44,12,853601,1,1,0,1
49,4725282,49,175,1552247,0,0,1,1
21,1673172,104,18,609253,0,0,0,0
47,4485540,75,149,187912,0,0,0,0
54,1322244,61,141,185767,0,0,0,0
40,6455378,67,149,246281,0,0,0,0
56,5673594,6,126,94754,0,0,0,0
62,4863309,9,136,612276,0,0,1,0
32,7590553,6,46,1510134,1,0,0,0
60,7741245,73,104,517732,1,0,0,0
46,6849923,103,135,160023,0,0,0,0
53,1862636,95,151,1715243,0,0,0,0
30,2586921,32,86,90388,1,0,0,0
49,6561425,41,150,1935776,0,0,0,0
24,1629735,114,89,1880436,1,0,0,0
68,4136007,76,22,249779,0,0,1,0
39,7821862,8,92,888453,0,0,0,0
45,4630375,72,29,914850,0,0,0,0
19,6082591,50,13,216846,0,0,0,0
59,5329788,92,2,704335,0,0,1,0
62,3362469,62,29,1045354,0,0,0,0
23,3886176,84,180,1190788,0,0,0,0
45,7309590,62,27,1871429,0,0,0,0
45,6145854,111,50,798140,0,0,0,0
61,4095374,7,95,1979710,1,0,0,0
61,6445280,75,151,1471387,0,0,1,1
37,5683680,84,88,1658885,1,1,0,1
47,4481262,80,44,1217956,0,0,0,0
28,5433078,4,22,1103365,0,0,0,0
45,3409089,6,171,36086,1,0,1,0
42,3308749,58,165,1337579,0,0,0,0
56,1714228,22,189,541972,0,0,0,0
50,1753959,26,97,1149664,0,0,0,0
18,2989415,3,184,404423,0,0,0,0
44,5915826,41,3,1628963,0,0,0,0
69,7945394,60,191,600381,1,0,0,0
30,2427781,106,118,1219337,0,0,0,0
58,4169538,14,19,845083,0,0,0,0
20,4042374,75,23,1596757,0,0,0,0
56,1145266,82,157,1549600,0,1,0,0
23,4756679,118,30,1649282,0,0,0,0
25,2338601,12,39,1183650,0,1,1,1
44,3377855,87,108,899497,0,0,1,0
26,3871475,12,111,140351,0,0,1,0
54,5337358,13,25,1773947,0,0,1,1
50,7998318,25,128,48635,0,0,0,0
68,4803484,45,111,983619,0,0,0,0
59,6310432,115,136,1153647,0,0,0,0
61,1907955,19,106,1005909,1,0,0,0
41,6067933,55,186,1524494,0,1,0,0
32,6445542,110,144,874950,0,0,0,0
49,4602010,100,72,1426953,0,0,1,1
49,7190179,45,129,900083,0,0,0,0
41,7667100,8,108,607093,0,0,0,0
58,6315813,93,5,431280,0,0,1,0
69,2732728,119,3,919245,0,0,0,0
66,5847392,53,193,351207,0,1,0,0
66,2699492,55,132,1323174,0,0,1,1
69,6075034,32,104,1341598,0,0,0,0
29,3161632,51,64,1240746,0,0,0,0
56,2214397,44,106,203226,0,1,0,0
19,6897091,82,98,1202639,1,0,0,0
20,7372629,70,10,602632,1,0,1,0
66,5839937,18,149,1949954,1,0,0,0
54,3977993,83,128,570881,1,0,0,0
66,3931209,22,46,570592,1,0,0,0
34,2023520,37,155,1482178,0,0,0,0
66,6613365,96,66,1769156,0,0,1,1
19,4857893,56,169,1172189,0,0,0,0
19,6491276,105,112,1783274,0,0,0,0
45,6197662,59,13,1546081,0,0,0,0
40,4017635,3,137,424299,0,0,0,0
54,3100119,28,164,1601218,0,0,1,1
49,2699443,74,86,294334,0,0,0,0
50,4248503,115,90,1589006,1,0,0,0
18,2239758,35,58,431614,0,0,0,0
36,2605468,61,54,1241619,0,0,1,1
19,4227975,93,12,1886870,0,1,0,0
61,7156228,54,14,1767346,0,0,1,1
43,926108,63,121,1209151,1,0,0,0
49,3960110,79,162,135438,0,0,1,0
23,4030019,97,181,1631320,0,0,0,0
49,7454795,7,121,1683031,0,0,0,0
21,2507692,76,20,1927043,0,0,0,0
28,6325633,49,75,1032892,0,0,0,0
34,2880154,94,144,804448,0,0,1,0
55,3044702,85,70,274528,0,0,1,0
41,4177778,31,56,1251968,0,0,0,0
22,3330034,58,101,418288,0,0,0,0
69,5332131,61,186,112239,1,0,0,0
51,6535193,24,132,645719,0,1,1,0
23,6697498,20,111,1925026,1,1,0,1
39,3492755,37,125,1623374,0,0,0,0
28,1188349,4,132,714293,0,0,0,0
65,1862729,92,20,818258,0,0,0,0
33,3924071,108,138,340170,0,0,0,0
50,6643493,20,24,131668,0,0,0,0
26,4186501,60,154,776988,0,0,0,0
23,2779079,24,37,1477310,0,0,1,1
33,5388334,50,54,558333,1,0,0,0
46,4322905,49,103,191948,0,0,0,0
20,876077,51,149,495662,0,0,0,0
37,7968362,96,38,624390,0,0,1,0
53,5127819,105,174,324063,0,0,0,0
36,2055564,36,4,1682305,0,1,0,0
43,2708327,117,188,1216751,0,0,0,0
20,925885,98,57,259877,0,0,0,0
36,5890513,100,173,963692,0,1,0,0
37,1341656,66,20,1195493,0,1,1,1
49,1470688,79,17,227770,0,0,1,0
24,3085166,34,119,652613,1,0,0,0
69,7183207,36,71,1602201,1,0,0,0
58,5224507,6,4,687673,0,0,1,0
50,5808042,39,14,954447,0,0,0,0
57,2851531,42,3,350093,0,0,1,0
56,3592427,115,80,1845284,0,0,0,0
35,3720803,115,186,1371871,0,0,1,1
57,4157679,58,55,1993691,0,0,1,1
18,6548035,118,132,1032145,0,0,1,1
28,5190020,12,120,1725880,0,0,0,0
45,3481719,3,24,1897895,0,0,0,0
42,7406628,109,162,615730,1,0,1,0
67,1690695,18,158,1108423,0,0,0,0
40,4994430,40,82,1117229,0,0,0,0
48,1638761,21,147,1800008,1,1,0,1
47,1300315,15,159,1836525,1,0,1,1
59,6763550,97,188,328766,0,0,1,0
52,6152825,99,60,1348530,0,0,0,0
24,3214472,26,147,1136418,0,0,1,1
33,2099445,8,49,1967233,1,0,0,0
43,5735730,100,63,282647,1,0,0,0
65,1298716,112,110,94761,0,0,0,0
69,3941069,94,150,1488768,0,0,0,0
66,4121127,87,152,1971447,0,0,0,0
19,3359272,42,109,808022,0,0,1,0
18,3076106,44,76,1575213,0,0,0,0
65,7760534,14,30,676246,1,1,0,1
29,7375716,78,58,940370,0,0,1,0
22,2802324,2,117,338768,1,0,0,0
54,7062105,119,159,698152,1,0,1,0
49,5127021,37,100,412980,0,0,0,0
26,4124323,69,192,1048336,0,0,1,1
58,7739829,38,19,791198,0,0,0,0
52,7471318,109,176,1178932,0,0,1,1
36,4751416,41,173,1275804,0,0,0,0
65,1294592,62,94,52727,0,0,0,0
33,4045886,118,183,350615,0,0,1,0
20,4654261,60,113,1590932,0,0,0,0
37,6211382,111,183,651211,0,0,0,0
41,4378226,14,146,1459087,0,0,0,0
50,6949031,103,63,444376,0,0,0,0
41,2829454,89,116,21390,0,0,0,0
69,3227540,84,113,641040,0,0,0,0
28,2515630,2,47,947635,0,0,0,0
66,1118408,103,57,1415474,0,0,0,0
25,1268276,70,118,1396689,0,1,0,0
53,6009224,17,45,1728974,0,0,0,0
55,2954697,89,161,979831,0,0,0,0
57,1311411,28,145,759078,1,0,0,0
37,3722808,66,198,1397784,0,0,0,0
52,3917172,35,4,31281,0,0,1,0
65,1684377,101,148,64189,0,0,0,0
42,7104680,5,47,272093,0,0,0,0
52,5035042,65,143,1369231,0,0,0,0
42,2698739,40,198,1704979,0,0,0,0
46,2029336,76,47,1591469,0,0,0,0
35,1817433,56,78,372462,0,1,0,0
63,5461029,36,124,404597,0,0,0,0
35,3561089,45,75,816242,0,0,0,0
19,4478086,23,103,1307991,0,0,0,0
52,6169041,47,137,689682,1,0,0,0
33,2381530,31,90,1100445,0,0,0,0
58,5838497,11,144,567243,0,0,0,0
53,2887258,10,69,1644252,0,0,1,1
50,5292816,67,61,1824188,0,0,0,0
21,5656447,118,138,20207,0,0,0,0
50,7657658,14,50,228401,0,0,1,0
31,6244459,80,3,995132,0,0,0,0
38,3549178,74,107,169292,0,1,0,0
65,1796530,93,113,1535842,0,0,1,1
37,1571253,10,94,506762,0,0,1,0
25,3401623,76,118,1263733,1,0,0,0
24,7071000,94,198,1080607,0,1,0,0
20,2178246,105,81,473937,0,0,0,0
34,7031219,1,109,877239,0,0,1,0
50,4908997,5,51,605600,0,0,0,0
65,3703540,20,147,594054,0,0,0,0
29,4164695,8,170,1202097,0,0,1,1
68,4778400,43,35,361977,0,0,0,0
39,5377456,76,46,197771,0,1,0,0
39,5948956,1,154,247199,0,0,0,0
63,2991422,57,69,1008757,0,0,0,0
47,1845482,64,93,1819595,1,0,1,1
55,6834069,118,64,770129,0,0,0,0
55,6586265,84,165,645329,0,1,1,0
62,6708635,28,49,650473,0,0,0,0
68,6933204,107,149,187164,0,0,0,0
25,7250224,37,74,1515463,0,0,1,1
44,2095302,47,192,1593214,0,0,0,0
44,4802640,101,5,761518,0,0,0,0
51,1370451,76,100,1945867,0,0,0,0
38,819816,37,70,523313,0,0,1,0
47,1767344,49,90,1052726,0,1,0,0
50,3655059,113,4,1844434,0,0,0,0
45,3212149,44,126,1127063,0,1,0,0
64,6198869,56,39,158694,0,0,0,0
50,6663899,28,163,133853,0,0,1,0
22,4152252,111,129,1373837,1,0,0,0
65,4532839,79,24,245062,1,0,0,0
36,1838896,6,57,1510186,1,0,0,0
21,4097606,108,100,243077,0,0,0,0
52,7822336,61,70,897516,0,0,1,0
66,6568927,20,41,1082358,0,0,0,0
34,3678604,114,182,1568068,0,0,1,1
61,4380893,78,174,1873462,0,0,0,0
45,5127858,2,60,1912912,1,0,0,0
47,4756602,73,108,664224,1,0,1,0
46,4896951,37,188,1467384,0,0,0,0
63,7542738,20,57,163245,0,0,0,0
23,1064223,26,31,1180834,0,1,1,1
52,6963101,29,84,1694532,1,0,0,0
58,6102556,1,152,464418,1,0,0,0
54,6784684,119,36,1541192,0,0,0,0
41,4119260,35,158,1444904,0,0,0,0
46,6657565,70,152,1565157,1,0,0,0
66,3494287,101,108,1482542,0,0,0,0
63,2466471,117,106,288710,0,1,0,0
48,7311634,59,158,672550,1,0,1,0
52,6192401,69,86,1016111,0,0,0,0
50,5421056,33,135,572621,0,0,0,0
69,1388365,113,163,1442649,0,0,0,0
38,5818994,51,183,1794841,0,0,0,0
49,1503662,78,14,623859,1,0,0,0
40,2105585,12,120,1178839,0,0,1,1
50,4892097,106,138,1977669,1,1,0,1
20,6180597,20,80,1608099,0,0,1,1
35,6424795,53,144,10159,0,0,1,0
42,3459440,114,182,1726081,0,0,0,0
59,2399601,88,106,1008413,0,0,0,0
48,4743645,43,70,1221569,0,0,0,0
20,5295013,98,44,377003,0,0,0,0
57,4851774,89,73,1205885,0,0,1,1
63,6894467,50,45,1166083,0,0,1,1
41,2034816,29,184,1984324,0,0,0,0
67,2425351,57,107,1073319,0,1,0,0
49,2764956,39,84,1811038,0,0,1,1
64,6317366,95,82,1104677,0,1,1,1
39,4248678,56,107,1301293,0,1,0,0
40,6353794,111,185,655822,0,0,0,0
19,1927199,43,21,1404947,0,0,0,0
44,4311049,50,196,1289180,0,0,1,1
59,6011593,23,178,1246026,1,0,0,0
19,4863186,44,161,1916134,0,0,0,0
43,6904941,38,7,1901079,0,0,0,0
34,5901729,84,70,1785057,0,1,0,0
57,3080827,23,127,346907,0,0,0,0
50,2585910,45,143,497030,0,0,1,0
26,5646769,52,160,1818286,0,0,0,0
60,3895900,80,148,415453,0,1,0,0
65,4843064,50,143,681009,1,0,0,0
56,6250486,106,176,178785,0,1,0,0
46,3402967,119,199,214535,0,0,0,0
59,4238550,8,149,710769,0,0,0,0
43,876218,114,170,189838,0,0,0,0
52,7678974,85,154,580442,0,0,0,0
67,1570044,1,120,279160,0,0,0,0
42,6379079,119,128,482779,0,0,0,0
41,3346741,8,142,451904,1,0,1,0
30,6729720,29,57,886110,0,0,1,0
24,5472750,96,165,908488,1,0,0,0
53,5456356,102,58,588526,0,1,0,0
62,4280130,5,21,330752,0,0,1,0
37,3985714,111,82,1671945,0,0,0,0
18,2528096,86,69,1306220,1,0,1,1
25,1147739,47,131,847393,0,0,1,0
63,1272327,34,87,1258351,0,0,0,0
33,3494946,65,165,972261,0,0,0,0
31,5029215,55,49,1871925,0,0,1,1
29,2722135,119,147,950240,0,0,0,0
68,7516493,90,115,824422,0,0,0,0
40,7821855,43,89,1121127,0,0,0,0
32,1778039,74,85,744983,0,0,0,0
45,1699885,30,128,1736376,0,0,0,0
51,1408746,114,140,176277,0,0,0,0
19,3802819,82,189,1048660,0,0,1,1
49,5311219,17,169,90811,1,0,0,0
40,1299876,26,161,789128,0,1,0,0
39,2762165,8,178,851535,0,0,0,0
68,1411213,47,117,1522604,0,0,0,0
42,1568734,104,196,969131,0,0,0,0
39,5041361,113,127,1426842,0,0,1,1
39,6311174,76,71,244104,1,0,1,0
66,2639433,91,86,1601872,0,0,0,0
69,7346182,72,33,212346,0,0,0,0
59,7369632,89,81,1615266,0,0,0,0
23,4472214,46,152,194456,0,0,0,0
32,2826580,68,61,1842858,0,0,0,0
60,5703058,33,61,1457585,1,0,0,0
54,7002258,1,98,1554619,0,0,1,1
50,5139235,19,28,146643,0,0,0,0
25,2292252,31,186,1548659,0,0,0,0
61,7253947,80,43,1992289,0,0,1,1
61,4326737,14,169,1172126,0,0,0,0
22,1201921,53,167,494146,0,0,0,0
56,2808960,48,86,970652,0,0,0,0
21,5255214,69,177,101218,0,0,0,0
23,887955,105,17,1191872,0,0,1,1
62,7718889,90,98,1558485,1,0,0,0
49,4616446,62,198,1577343,0,0,1,1
69,4176513,92,198,1238343,0,0,0,0
47,2737878,66,98,917211,0,0,0,0
64,5202294,114,65,1450434,0,0,1,1
52,2885259,64,74,1823924,0,0,0,0
57,3275539,70,85,1298592,0,0,0,0
69,5533188,63,5,42441,0,0,0,0
33,6993956,73,2,1296614,0,0,0,0
30,5990565,33,22,704489,0,0,0,0
67,2505215,41,112,765612,0,1,0,0
59,6237149,89,57,1907376,1,0,0,0
47,6940808,48,66,1674986,0,1,0,0
36,3289569,13,74,54760,0,0,1,0
34,7229611,73,98,1057159,0,0,0,0
36,4066402,117,144,295622,0,0,1,0
45,5901043,77,112,1972889,0,0,0,0
43,2783851,31,179,1916862,1,0,0,0
54,6990359,105,125,1939238,1,0,1,1
43,4908880,75,167,1406436,0,0,0,0
40,6299593,68,86,677540,1,1,0,1
26,6484381,98,76,108538,1,0,0,0
29,5537655,102,88,1598236,1,0,0,0
18,5061946,110,168,826228,1,0,0,0
18,890093,4,38,985776,0,0,0,0
64,2356182,102,188,521511,0,0,1,0
51,5211519,19,59,1279611,0,0,0,0
49,2803679,70,138,895258,0,0,1,0
65,6750160,98,99,392736,1,0,1,0
42,2532465,82,192,1414355,0,0,0,0
57,5030258,13,63,1693886,0,1,0,0
62,3973584,105,49,588328,1,0,1,0
18,5521165,23,192,871789,1,1,1,1
33,7038728,83,32,1785304,1,0,0,0
56,3456807,109,135,1661220,0,0,0,0
22,7587009,75,21,1336931,0,0,0,0
39,3659244,1,20,377570,0,0,0,0
46,1686040,88,154,277986,0,0,0,0
20,1122918,54,127,466331,0,0,0,0
29,6066632,71,68,1911860,0,0,0,0
43,3738613,89,110,1446457,0,0,0,0
33,3045909,85,116,1366688,0,0,0,0
68,4862442,15,143,813940,0,0,0,0
54,916739,65,120,163077,0,0,0,0
39,6885273,76,79,1113151,0,0,0,0
46,2086585,71,116,1532534,0,0,0,0
31,1580316,15,92,1732907,0,0,0,0
45,4334550,21,14,428815,0,1,0,0
22,7428132,19,155,490808,0,0,1,0
64,4289866,60,125,1649778,0,0,0,0
66,2166853,93,168,783422,1,0,0,0
47,1814929,89,58,601343,0,0,0,0
63,2366847,33,28,1670561,0,0,1,1
69,3220564,49,26,640527,0,0,0,0
22,3382569,96,113,245469,1,0,0,0
29,2280035,113,191,1181682,0,0,0,0
33,988456,35,66,801787,0,0,0,0
43,3453093,44,153,1899128,1,0,0,0
43,4103457,102,131,477835,0,0,0,0
65,7000336,90,44,310486,0,1,0,0
38,4885412,11,97,12257,0,0,0,0
56,5222808,99,42,1348084,0,0,0,0
53,6688997,72,6,1738908,0,0,0,0
50,7744121,110,167,1170291,0,0,1,1
47,7038795,78,180,1085230,1,1,0,1
54,6568790,74,23,1794705,1,0,1,1
40,5567348,66,89,353567,0,1,0,0
27,6083689,46,123,301464,0,0,0,0
22,6583893,9,178,555096,0,0,0,0
53,1516756,3,171,586677,1,0,1,0
51,851226,85,147,498906,1,0,0,0
69,7590968,26,197,128581,0,1,0,0
48,4551198,72,51,1186503,1,0,0,0
27,4421509,48,11,1093349,0,0,0,0
36,3938145,66,12,1765104,0,0,0,0
49,4697611,70,74,1479539,0,0,0,0
18,2026476,28,8,348540,0,0,0,0
22,4984056,117,152,511590,0,0,0,0
62,1372212,93,41,1428412,0,0,0,0
21,7427782,26,164,1273340,0,0,0,0
33,5218441,25,85,1640369,1,1,0,1
41,2300844,12,72,882328,0,0,0,0
33,1729168,5,55,1600999,0,0,0,0
19,4243609,98,137,625175,0,0,0,0
66,1163476,48,47,1180694,0,0,1,1
45,2200283,37,143,1023539,0,0,1,1
49,6727613,79,176,1368097,0,0,1,1
44,6553465,44,104,1213202,0,0,0,0
37,1491757,100,42,858923,0,1,0,0
41,1190719,15,60,1304315,0,0,0,0
29,2327937,43,198,1903291,0,0,0,0
67,1949947,48,12,488356,0,0,0,0
52,7654453,87,130,289067,0,0,1,0
50,4137920,70,7,1368311,0,0,1,1
50,4096050,46,80,1645125,1,1,1,1
68,2918324,114,131,326480,0,1,0,0
60,7627299,108,109,346227,0,1,0,0
54,7047794,43,3,1643812,0,1,0,0
29,5990425,109,27,1299467,0,0,0,0
20,3478932,21,114,174074,0,0,0,0
18,5702666,23,107,483314,1,0,0,0
50,7604775,107,40,1568028,1,0,0,0
57,7871754,119,161,298816,1,0,0,0
27,1676031,80,129,800645,0,0,0,0
60,7032739,47,8,1199941,0,0,1,1
61,2070896,117,101,1027481,0,0,0,0
46,4363706,15,160,1507652,0,0,1,1
30,1859622,25,124,72507,0,0,0,0
29,5222375,36,176,1115710,0,0,0,0
48,1178165,75,107,143172,1,0,0,0
63,6989153,51,101,251225,0,0,0,0
19,1508662,15,4,203069,0,0,1,0
68,7507822,68,198,824604,0,0,0,0
67,4931479,21,110,816564,0,0,0,0
52,6309877,13,19,1831797,0,0,0,0
40,1812117,86,32,1863207,0,0,1,1
34,1445188,19,137,1619473,0,0,0,0
43,6525495,34,12,1232613,0,0,1,1
25,1215008,78,139,1721952,1,0,0,0
46,2431993,68,46,1491571,1,0,0,0
43,4151278,112,119,506013,0,0,0,0
27,3142035,117,16,304025,0,0,0,0
43,6503394,52,129,747954,1,0,0,0
51,3568362,110,63,820904,1,0,1,0
68,3826768,27,109,1558674,0,0,0,0
58,1970365,29,119,717173,0,0,0,0
24,1479418,111,21,765728,0,0,0,0
21,5695084,28,158,1316379,1,0,0,0
67,2411754,35,13,1749957,1,0,0,0
62,1914593,8,162,326275,0,0,0,0
28,2026952,16,4,689447,1,0,0,0
46,6731161,106,156,1071404,0,0,0,0
53,7590593,36,102,989114,1,0,0,0
42,5651188,30,59,893096,0,0,0,0
38,3521864,18,128,526835,1,0,0,0
53,4747208,2,27,666761,0,1,0,0
27,7784720,49,69,811625,0,0,0,0
54,3738496,77,25,1282037,0,0,1,1
26,6601176,4,131,448080,1,0,1,0
41,4675754,90,97,1472099,1,0,0,0
52,3504999,89,196,1423238,1,0,0,0
66,6098217,94,25,291755,1,0,1,0
52,3794200,75,148,709151,0,0,1,0
65,2124070,7,162,1988030,0,1,1,1
53,3990914,95,154,348384,0,0,0,0
35,7643889,108,126,1298295,0,0,0,0
66,3324388,74,133,742763,0,1,1,0
56,2458987,39,189,1847753,0,0,0,0
49,6542763,13,9,851675,0,1,0,0
41,4676274,31,116,276010,0,0,0,0
40,3637981,71,178,697605,0,0,0,0
49,6587749,63,134,1496516,0,0,0,0
54,2461793,56,60,925113,1,0,0,0
29,7376651,113,172,605642,0,1,0,0
66,7667218,42,121,1109950,1,0,0,0
30,1416036,61,139,124397,0,0,0,0
40,4191418,42,194,258552,0,0,0,0
42,6374650,56,175,396721,0,0,0,0
52,5787696,36,108,433332,0,0,0,0
58,1228988,84,108,1926037,0,0,1,1
47,4884752,68,131,1938582,0,0,0,0
34,5174857,118,76,1996527,0,0,0,0
66,5555000,7,30,302575,0,0,0,0
37,3777590,54,21,1469700,0,0,1,1
65,7410734,1,156,39336,0,0,0,0
42,4097291,44,190,837424,0,0,0,0
39,4602429,45,161,1113926,0,0,0,0
30,5694287,106,163,1652425,1,0,0,0
36,3290706,47,180,520470,0,0,1,0
66,1991902,13,34,1896963,0,0,1,1
53,6054224,119,41,1119816,1,0,0,0
29,3292118,22,51,685453,0,0,0,0
58,7015140,118,175,1457947,0,0,0,0
36,4537973,21,82,1629471,0,0,0,0
29,3002575,86,58,960991,0,0,0,0
26,7411653,92,75,1769604,0,0,0,0
24,1264071,9,185,1997043,1,1,0,1
45,7762712,26,23,191196,0,0,0,0
31,5181137,9,176,325014,0,0,1,0
48,5712216,15,128,1508339,0,1,0,0
69,1575435,10,150,1646974,0,0,1,1
36,2974606,88,17,1243202,0,0,0,0
64,6554777,42,69,686296,0,0,0,0
33,4298472,72,108,389039,0,0,0,0
22,3806316,24,139,538714,0,1,0,0
52,2364718,80,94,754199,0,1,0,0
29,5939743,49,15,824038,0,0,0,0
42,2934793,26,91,451048,1,0,1,0
69,2402575,91,163,562439,0,1,0,0
38,6899654,37,33,283452,0,0,0,0
53,6411920,68,125,250853,0,0,1,0
40,4613270,50,16,788883,0,1,0,0
33,5606425,24,162,186743,0,0,0,0
56,7409876,19,66,1148882,0,0,0,0
62,3178837,100,168,759468,0,0,1,0
59,6923769,60,156,903416,1,1,1,1
56,2324102,39,47,1585068,0,0,1,1
31,3990541,74,167,102769,0,0,0,0
48,6735438,89,198,1145841,1,0,1,1
22,1464180,18,148,827563,1,0,0,0
52,3183366,19,124,1111004,1,0,0,0
40,2835848,36,1,1616734,0,0,0,0
46,5922930,74,87,637835,0,0,0,0
60,3239855,97,128,770278,0,0,1,0
28,1004615,55,191,1107643,0,1,1,1
35,2325233,114,67,986089,0,0,0,0
64,4696022,69,4,772371,0,1,0,0
29,2603740,47,186,1170793,1,0,0,0
26,7491409,49,153,1997687,0,0,1,1
27,4768222,99,47,1476760,1,0,0,0
61,3868893,108,38,1681798,0,0,0,0
34,1638003,98,143,152980,0,1,0,0
55,4233382,33,191,512367,0,0,0,0
24,1081570,119,21,346851,0,0,0,0
63,3982993,21,57,219329,0,0,1,0
30,4881082,81,117,267354,0,0,0,0
57,4195049,22,181,1581982,1,0,0,0
59,866150,48,46,1119791,0,0,0,0
26,3234206,37,142,1769771,0,0,0,0
67,6881687,15,145,321573,0,0,1,0
44,7213282,35,39,1927160,0,0,0,0
19,1359723,92,137,1690912,0,0,0,0
22,6925755,71,99,1228106,0,0,0,0
46,3347500,32,77,187241,0,0,0,0
54,4155745,11,115,148731,0,0,0,0
55,1799554,10,134,463830,0,0,0,0
36,4993060,73,151,774265,0,0,0,0
25,4958634,78,187,349384,0,0,0,0
65,934055,77,91,1484585,0,1,0,0
62,7581913,57,98,123688,0,0,0,0
18,1476022,25,120,318617,0,0,0,0
39,1609942,2,46,893194,0,1,0,0
69,4679275,64,38,754748,1,0,1,0
34,1496358,35,142,1549410,0,0,1,1
24,4395790,7,100,903388,1,1,0,1
42,6136951,85,72,390596,1,0,0,0
62,2641648,18,190,1769687,0,0,0,0
21,6349571,67,35,922743,0,0,0,0
53,7932508,42,147,744275,0,0,1,0
23,7237845,118,30,1327726,0,0,0,0
48,2488472,39,78,1307819,0,0,0,0
36,7361164,41,84,1044186,0,0,1,1
61,4628433,113,113,608506,0,0,1,0
56,3535264,75,25,1254992,1,1,0,1
44,6006031,103,168,566718,0,0,0,0
27,5248748,24,88,33091,0,1,0,0
43,3500713,60,14,1839989,0,1,0,0
36,7952747,46,154,1606853,0,0,1,1
56,3108989,19,102,1134027,0,0,1,1
20,7201473,68,150,1035592,1,0,1,1
62,4937270,90,176,28990,0,1,0,0
30,5117922,102,83,362414,0,0,1,0
67,4915625,42,110,876792,0,0,0,0
45,1259297,32,179,260541,1,0,0,0
37,1820154,39,131,832513,0,0,0,0
45,7907318,109,170,676393,0,0,0,0
25,7643532,110,19,1428992,0,0,1,1
58,5745169,36,28,1861249,0,0,0,0
56,7533215,104,173,134932,0,0,0,0
18,4877151,101,71,1049955,0,1,0,0
20,7974010,97,63,278083,0,0,0,0
30,7985197,36,73,1171576,0,1,0,0
45,5534963,3,124,1761498,1,0,0,0
66,7514301,73,119,569351,0,0,1,0
42,3603696,8,121,503216,0,0,0,0
50,7415516,97,19,1790657,0,0,0,0
55,2893373,70,175,692405,0,1,0,0
23,6641140,41,142,1568426,1,0,1,1
61,6236139,103,120,1496561,0,1,0,0
62,3172280,68,166,843550,0,0,0,0
49,3716623,13,181,1143279,0,0,0,0
62,3506871,49,61,505164,0,0,0,0
64,1670123,60,164,1473417,0,0,0,0
38,7936494,2,168,1818660,0,0,0,0
33,3786249,60,30,1711421,0,1,0,0
38,2659582,5,9,299220,1,0,0,0
28,6963814,44,64,1311893,0,0,0,0
54,5244499,27,161,1254453,0,0,0,0
53,6186628,32,120,1889613,1,0,0,0
52,2929885,21,52,1405285,0,0,0,0
36,6783920,8,89,491725,0,0,0,0
37,5520642,102,142,835553,0,0,0,0
35,3007148,72,53,827865,0,0,0,0
64,5552525,50,187,577597,0,0,1,0
58,1349239,67,78,863900,0,0,1,0
66,1356701,118,41,447470,1,0,0,0
31,6208753,44,196,1912301,0,0,0,0
32,6753859,58,68,1416978,0,0,0,0
48,3847569,3,8,965357,0,0,1,0
18,5893309,86,2,834837,0,0,0,0
20,6030884,70,105,994156,0,0,0,0
33,5428120,2,125,1626391,0,0,1,1
40,2070464,87,110,873659,1,0,0,0
28,1585332,44,86,927996,0,0,1,0
29,6788333,2,169,758778,0,0,0,0
27,1567950,102,120,149883,0,0,0,0
49,966472,81,127,1676208,0,0,1,1
33,1197710,35,183,1213920,0,1,0,0
25,7303216,98,16,1021439,0,0,0,0
55,5117048,87,62,1523802,0,0,0,0
29,6772931,30,113,757852,0,0,1,0
41,7057803,116,176,1630017,0,1,0,0
45,6544826,8,158,1166618,0,0,0,0
25,3988729,22,12,1112686,0,1,0,0
45,5585956,44,35,1203627,1,0,0,0
53,5905724,58,11,1823995,0,0,0,0
43,5825764,36,64,773461,0,0,0,0
25,7329962,69,50,38328,0,0,0,0
67,3650171,77,149,647199,0,1,1,0
45,7522245,93,69,1333587,0,0,0,0
45,1710775,31,48,1117810,0,0,0,0
54,6754878,47,20,822283,0,0,1,0
58,6695469,55,101,827711,1,0,0,0
53,5907031,80,195,1831367,0,0,1,1
44,3396874,106,172,1285711,0,0,0,0
34,6727997,62,161,1656266,0,1,0,0
26,1358924,30,189,811881,1,0,0,0
50,4681185,55,137,348365,0,0,0,0
37,5173656,16,68,885512,0,0,0,0
30,5804998,12,35,1588315,0,0,0,0
45,4812595,17,65,1145754,0,0,1,1
65,3090435,16,8,1908769,0,1,0,0
46,5966650,12,45,1295138,1,0,0,0
30,5909319,8,87,1359590,0,0,0,0
63,6493075,84,175,1417286,1,0,1,1
52,5993278,3,168,395893,0,1,0,0
23,1231413,16,76,1182341,0,0,0,0
35,2152564,30,182,1445601,0,0,0,0
68,3224050,109,76,958377,0,0,0,0
22,4965100,23,174,138389,1,0,0,0
64,5945965,92,47,723987,1,0,1,0
42,1663561,115,15,1255803,1,0,0,0
19,1102186,104,105,502402,0,0,1,0
27,4007393,118,147,821804,0,0,0,0
47,6289464,5,26,800074,0,0,0,0
67,7567528,84,52,270220,1,0,1,0
62,4628464,104,93,1479793,0,0,0,0
22,1826553,108,150,306208,0,0,1,0
50,2035202,65,21,760186,0,0,0,0
18,945271,30,51,810554,0,0,1,0
35,3015685,21,38,1127007,1,0,0,0
49,5962756,84,20,1114321,0,0,0,0
64,4543797,70,157,1108657,0,0,0,0
66,2314542,22,179,936215,0,1,0,0
28,7157718,82,132,226204,0,0,0,0
38,4980656,72,55,946297,0,1,0,0
43,3730184,103,199,1459991,0,0,0,0
42,876898,32,92,610541,1,0,0,0
39,7547155,33,28,308335,1,0,1,0
44,4095097,117,4,1855219,0,0,0,0
66,7646192,16,150,1169662,0,0,0,0
30,1088316,76,76,466285,1,0,0,0
50,2808954,38,173,984250,0,1,0,0
51,7569058,116,67,424758,0,0,0,0
58,2629553,98,86,434528,0,0,0,0
52,4888657,14,194,448458,0,0,1,0
18,3841341,36,162,898403,0,0,1,0
38,1839504,97,91,628071,1,0,0,0
65,7466455,23,183,1708545,0,0,0,0
23,4887810,114,105,622181,0,1,0,0
45,6727071,109,1,982892,0,0,0,0
34,2905058,66,72,1558373,0,0,0,0
22,5788023,105,87,168763,0,0,0,0
48,7938392,85,166,1660824,0,0,0,0
22,5709384,2,6,1929396,0,0,0,0
55,2475843,91,153,1081177,0,0,0,0
20,834701,73,145,1045811,1,0,1,1
40,4029028,65,61,421236,1,0,0,0
54,7856993,75,12,149227,0,0,1,0
54,2521610,67,6,1783055,0,1,1,1
27,2980712,52,27,1008555,0,0,0,0
27,3139767,62,136,702137,0,0,0,0
36,7135098,23,124,291854,0,0,0,0
34,3414235,26,106,380858,0,0,1,0
38,1291036,68,193,689892,0,0,1,0
31,1127304,82,185,1711591,1,0,0,0
26,6846914,55,93,1994681,1,0,0,0
63,3262616,6,109,1646091,1,0,1,1
18,3510241,35,99,670327,0,0,0,0
68,4233803,22,168,1667153,0,0,1,1
62,1942953,43,142,161094,0,1,1,0
30,4761352,15,35,1495255,0,1,0,0
21,4778702,86,176,740031,0,0,0,0
18,4859175,60,84,802154,0,0,0,0
66,1126916,101,56,1741349,0,0,0,0
57,4397706,116,177,877482,1,1,0,1
49,5306554,106,141,1561224,0,0,1,1
51,1405409,12,189,1816684,0,1,1,1
45,1874135,111,49,1819858,0,0,1,1
48,3789179,49,46,489083,0,0,0,0
25,7649486,42,113,1404316,0,0,1,1
56,5850405,38,190,1911740,0,1,0,0
43,2525690,82,136,1464089,0,1,0,0
51,4080772,45,43,78323,0,0,0,0
20,6609041,35,148,1344536,0,0,0,0
67,4957893,30,124,1623559,0,0,1,1
29,5887268,88,97,1471494,0,0,0,0
18,6955579,106,90,428458,1,0,0,0
61,1203119,30,39,1114417,0,0,0,0
22,7749836,78,85,400642,0,0,0,0
47,6129868,6,177,208784,0,0,0,0
47,7661392,67,192,117096,1,0,0,0
34,4966769,80,62,1151340,1,0,0,0
65,5120295,7,106,456790,0,0,0,0
64,1202732,52,107,620032,0,0,1,0
40,1306079,14,54,824914,1,0,0,0
32,2750013,73,126,1592035,0,0,0,0
54,3423836,15,9,1683619,0,0,0,0
38,1932658,21,88,1550724,0,0,0,0
31,2785209,35,37,1690989,1,0,0,0
19,5122626,66,49,1975730,1,0,0,0
28,1456951,91,41,378226,0,0,1,0
68,811303,2,17,1062272,0,1,0,0
56,2010209,35,88,136310,0,1,1,0
55,4279591,82,21,1996138,0,0,1,1
51,6292570,78,51,685673,1,0,0,0
55,6003916,20,59,815581,0,0,0,0
67,6826988,82,167,1975072,0,1,0,0
51,7191072,10,183,1898529,0,0,1,1
35,3166610,25,41,1104316,0,0,1,1
47,4980303,66,39,116611,0,0,0,0
32,1868199,25,141,408172,0,0,1,0
44,5717339,54,192,478947,0,0,0,0
68,4976224,33,11,485828,0,0,1,0
51,5484346,36,147,783210,0,0,1,0
69,1258298,95,139,338785,0,0,0,0
55,1847343,14,77,1646675,0,0,0,0
50,6519720,65,127,455376,1,0,0,0
41,905228,110,46,716673,1,1,0,1
32,5420650,80,45,1646096,1,0,1,1
47,2555692,54,1,811849,0,0,0,0
59,1684056,110,168,1738665,1,0,0,0
68,2530228,52,108,1171068,0,0,0,0
34,2746793,3,19,1088675,0,1,1,1
22,2369123,99,76,1045891,0,0,0,0
46,6915518,41,72,763494,0,1,0,0
21,4079269,6,189,433177,0,0,0,0
27,2526470,25,109,1988682,0,1,1,1
34,4140420,13,12,652762,0,0,1,0
27,848874,117,189,1329976,0,0,0,0
34,2422572,98,161,1537912,0,0,0,0
37,4020281,8,45,777876,0,1,0,0
41,3489784,21,90,1617545,0,1,0,0
22,1509662,98,103,1149904,1,0,0,0
51,7663382,68,197,1801376,1,1,1,1
23,6121129,25,8,992293,0,0,0,0
19,7618463,79,153,315505,0,0,1,0
30,5672554,68,91,1516295,0,0,0,0
60,1270452,45,174,1093116,1,0,0,0
60,6472605,60,87,1216184,0,0,0,0
65,2939686,12,158,1143276,0,0,0,0
28,3392670,32,175,990547,0,0,0,0
68,5610833,96,177,350676,0,0,0,0
64,7503459,92,175,1770511,0,0,0,0
40,7217665,13,84,399770,1,0,0,0
33,1242061,31,82,1454663,0,0,0,0
48,4134732,78,146,56002,0,0,1,0
28,7707868,20,194,1108388,1,0,0,0
33,4561675,18,68,425842,1,0,1,0
25,3061286,93,161,725339,0,0,0,0
21,1288972,60,127,1316482,0,0,1,1
57,1923994,63,164,1167522,0,0,0,0
21,3881328,6,82,1125244,1,0,1,1
42,6171112,32,147,109003,0,0,0,0
20,4898064,93,156,1794006,1,0,0,0
49,3417703,43,168,230462,0,0,0,0
20,963038,2,84,1888006,0,1,0,0
44,5924795,60,113,729174,0,1,0,0
46,6211263,23,76,638889,0,0,0,0
49,4763735,83,122,279956,0,0,0,0
67,2174572,31,143,71844,0,0,1,0
68,3155874,115,41,1784029,0,0,0,0
36,7223535,5,167,405395,1,1,0,1
38,7293509,83,2,1757734,0,0,0,0
22,1400530,34,191,1133177,0,0,0,0
35,6221469,10,29,935779,0,0,0,0
45,4448966,89,105,320001,0,1,0,0
59,1877833,2,194,397699,0,0,1,0
39,3377640,11,51,1553276,0,0,1,1
38,1235423,50,75,1341420,1,0,1,1
23,1992929,31,10,1840791,0,0,0,0
18,1123390,56,142,442680,0,0,1,0
22,7355035,79,51,1231999,0,0,0,0
58,2464221,73,118,103330,0,1,0,0
29,4868316,87,121,235391,0,1,0,0
43,2456671,83,39,223606,1,1,0,1
63,6481635,9,28,417085,1,0,0,0
51,6945265,99,3,201387,0,0,0,0
66,938563,21,84,1299709,0,0,0,0
31,1583066,73,198,1545480,0,0,0,0
43,2354623,28,155,424170,0,0,0,0
62,5699856,62,117,696915,0,0,0,0
44,7040779,110,2,1384073,0,0,0,0
26,4855957,115,93,1533982,0,0,0,0
43,7417488,7,166,448242,0,0,1,0
64,1397897,80,131,372916,0,0,0,0
39,4741237,16,144,188048,0,0,0,0
64,1572800,97,94,1008082,0,0,0,0
47,6296853,4,40,1412222,0,0,0,0
60,2842999,4,2,1434663,1,0,1,1
65,4322554,103,81,381994,0,0,0,0
34,4459985,40,169,1627959,0,0,0,0
43,2702897,17,12,1203918,0,0,1,1
53,4376511,101,163,696268,1,0,0,0
18,1963950,103,65,811955,0,0,0,0
25,1349148,52,55,1121009,0,0,0,0
66,3573707,93,45,554279,0,0,0,0
52,7693219,52,101,282919,0,0,0,0
69,5478394,36,62,1529593,1,0,0,0
32,5868002,38,49,357139,0,0,1,0
64,3573939,103,127,988754,1,0,0,0
39,2735740,50,153,157745,1,1,0,1
31,4234955,63,23,1705672,1,0,0,0
43,5736710,101,152,1740992,0,0,1,1
45,5838108,116,38,147686,0,0,1,0
40,3545226,63,28,1065991,0,0,0,0
31,5955872,62,21,1828902,0,0,0,0
41,6574981,99,182,1495676,0,0,0,0
19,3977326,7,107,1993044,0,0,0,0
62,2354510,27,146,965230,0,0,0,0
43,2630815,92,164,1837069,0,0,0,0
31,4563122,86,99,1357764,1,0,0,0
68,3186378,14,173,1771085,0,0,1,1
24,7907129,71,119,1227192,1,0,0,0
20,5221590,101,73,59976,0,0,1,0
64,3334937,86,181,435468,1,1,0,1
40,3957473,5,122,275976,0,0,0,0
63,1612461,55,30,1280459,0,0,0,0
60,5227036,2,188,221509,1,0,0,0
64,4855555,62,108,1555541,0,0,0,0
62,2518224,91,98,1879156,1,1,0,1
35,3510626,21,32,1822105,0,0,0,0
55,1724044,118,195,1577399,0,1,0,0
