id_usuario,edad,ingreso_mensual,antiguedad_cuenta_meses,num_transacciones_30d,monto_promedio,dispositivo_nuevo,ip_compartida,hora_madrugada,dispositivo_id,comercio_id,ip,fraude
103,57,1188590,116,118,1963256,0,0,1,67,11,192.168.1.19,1
180,66,2565982,30,100,1664802,0,0,0,82,59,192.168.1.55,0
93,61,5887397,84,124,1276389,0,0,0,105,15,192.168.1.23,0
15,36,3578655,85,161,1834964,0,1,0,78,10,192.168.1.13,0
107,59,3951882,44,152,1443466,1,0,1,31,41,192.168.1.44,1
72,58,7768620,32,167,1871057,0,0,1,91,27,192.168.1.1,1
189,54,5953496,51,34,1398509,1,0,0,17,60,192.168.1.51,0
21,23,4010016,46,184,1667390,0,0,0,55,73,192.168.1.29,0
103,69,7142651,113,156,411062,0,0,0,110,52,192.168.1.24,0
122,43,3179877,21,165,493779,0,0,1,93,28,192.168.1.16,0
75,51,7537320,99,7,507952,0,0,0,36,65,192.168.1.25,0
88,62,3189383,32,196,580508,0,0,0,101,17,192.168.1.55,0
117,23,7796746,94,165,842595,0,0,1,26,44,192.168.1.23,0
100,54,964053,119,56,406981,0,0,0,53,10,192.168.1.28,0
104,50,5587890,39,65,389270,1,1,0,17,63,192.168.1.47,1
152,39,6875479,113,193,1926494,0,0,0,86,47,192.168.1.16,0
131,38,6773544,12,47,1133853,0,0,0,25,38,192.168.1.43,0
150,23,6082379,105,148,1015782,0,0,0,2,70,192.168.1.56,0
53,23,2236536,47,19,1578146,0,0,0,119,76,192.168.1.38,0
2,65,3342637,18,157,493455,0,1,0,86,53,192.168.1.11,0
88,21,4190926,21,188,1949253,0,0,1,5,78,192.168.1.3,1
158,47,4413263,13,146,132332,1,0,0,4,44,192.168.1.15,0
38,28,4958549,21,163,1292807,0,0,0,36,74,192.168.1.1,0
130,47,6663515,8,171,557219,0,1,0,6,54,192.168.1.7,0
192,48,6353811,46,126,99116,0,0,1,116,20,192.168.1.1,0
188,41,2146208,104,139,261671,0,0,1,21,79,192.168.1.49,0
21,26,5330889,110,49,1900641,0,0,0,77,31,192.168.1.32,0
161,20,2578599,7,113,1532494,0,0,0,118,7,192.168.1.9,0
58,68,822431,23,38,1634777,0,0,0,101,58,192.168.1.29,0
22,48,2043131,108,64,784504,0,1,0,119,10,192.168.1.26,0
89,57,1447008,96,69,1677640,0,0,0,89,10,192.168.1.23,0
49,54,1373441,75,136,1084567,0,0,1,26,39,192.168.1.45,1
59,53,5262816,86,162,524265,0,0,1,55,28,192.168.1.43,0
170,41,7990248,22,176,1768781,0,0,0,39,30,192.168.1.29,0
188,48,5170380,107,116,638380,0,0,1,84,37,192.168.1.52,0
15,23,2849949,89,184,239577,1,1,1,33,67,192.168.1.38,1
190,19,2068300,22,65,720672,1,0,0,14,43,192.168.1.33,0
190,37,2747763,92,31,413777,1,0,0,56,79,192.168.1.7,0
175,45,2429849,29,132,1992981,0,0,1,100,52,192.168.1.12,1
190,28,2685077,13,113,1819977,0,0,0,81,56,192.168.1.31,0
51,21,4682149,82,109,105556,0,0,1,21,76,192.168.1.32,0
108,32,5673062,2,178,1907883,1,0,1,46,68,192.168.1.54,1
55,23,7845209,29,69,1215565,0,0,0,16,9,192.168.1.20,0
64,66,850861,85,158,1382840,1,0,1,110,23,192.168.1.55,1
131,47,5645710,79,120,405204,1,0,0,16,63,192.168.1.51,0
51,55,4800737,52,88,1565537,0,0,0,84,61,192.168.1.17,0
135,68,1521001,27,187,1955049,0,0,0,29,40,192.168.1.36,0
21,19,7100534,50,67,662755,0,1,0,92,44,192.168.1.3,0
73,32,2791083,95,75,1579192,1,0,0,8,24,192.168.1.1,0
167,28,5319216,79,45,1466048,0,0,0,88,51,192.168.1.50,0
18,25,2423911,115,4,1439210,1,0,0,3,58,192.168.1.27,0
132,43,7949514,23,154,753088,0,0,0,89,33,192.168.1.53,0
89,68,5838396,88,155,660443,0,0,0,19,16,192.168.1.47,0
60,62,6802626,44,174,1348950,1,0,0,97,22,192.168.1.40,0
14,61,2243717,77,107,508682,0,0,1,66,57,192.168.1.33,0
9,22,5209352,22,192,69778,0,0,1,79,62,192.168.1.20,0
90,23,3657733,43,51,1104409,0,0,0,86,71,192.168.1.14,0
53,43,6685000,37,50,819057,0,0,1,74,72,192.168.1.36,0
130,21,5911142,61,6,566376,0,1,0,82,70,192.168.1.5,0
84,36,7740894,97,59,1793586,0,0,0,22,30,192.168.1.23,0
92,37,2005663,56,125,1424657,1,0,0,46,23,192.168.1.45,0
111,50,833320,3,143,1523083,1,0,0,113,32,192.168.1.56,0
188,37,1127025,63,30,1254951,0,0,1,91,57,192.168.1.15,1
199,66,7706571,118,170,86361,0,0,0,13,9,192.168.1.6,0
172,29,1164359,19,122,1408949,0,0,0,33,31,192.168.1.33,0
8,64,5938097,23,125,1193765,0,1,0,5,71,192.168.1.55,0
175,18,2108507,29,37,1673129,1,1,0,90,9,192.168.1.19,1
35,43,4866621,30,170,532154,0,0,0,77,13,192.168.1.13,0
81,31,1743187,39,124,632006,0,0,0,27,58,192.168.1.29,0
164,55,7498301,108,101,1381430,0,1,0,78,3,192.168.1.6,0
50,54,4793710,111,35,1021930,0,0,0,24,35,192.168.1.15,0
104,28,2397690,25,87,1677740,0,1,0,67,21,192.168.1.16,0
132,53,900734,101,134,994558,0,0,0,111,64,192.168.1.24,0
2,30,957702,111,196,1089525,0,0,0,115,52,192.168.1.23,0
134,60,3651274,8,18,1998627,0,0,0,63,34,192.168.1.48,0
54,20,2025811,106,113,1795818,0,0,0,113,35,192.168.1.10,0
106,50,1947087,58,29,864568,0,0,0,94,15,192.168.1.54,0
4,23,3881091,16,77,1170117,0,0,1,99,6,192.168.1.41,1
54,67,4629049,72,59,1778555,0,0,0,48,32,192.168.1.41,0
191,27,3503381,1,175,71842,0,0,1,63,52,192.168.1.49,0
146,22,5723801,108,126,498019,0,0,0,78,28,192.168.1.17,0
44,40,2668670,5,145,1291506,0,0,0,12,64,192.168.1.49,0
162,27,5093122,3,109,299134,0,0,1,28,79,192.168.1.56,0
190,61,5146664,65,22,681553,1,0,0,44,78,192.168.1.44,0
14,19,5613673,4,68,1350829,1,0,0,93,19,192.168.1.45,0
95,30,5555469,104,69,140356,0,1,0,43,15,192.168.1.30,0
48,57,7465162,99,165,1995313,1,1,0,17,6,192.168.1.44,1
15,19,1732817,96,49,778917,0,0,0,40,73,192.168.1.46,0
200,37,7164171,64,141,747090,0,0,1,49,38,192.168.1.10,0
190,18,5135702,106,162,924565,0,0,0,85,26,192.168.1.55,0
40,54,6561932,98,109,1748446,0,1,0,57,51,192.168.1.19,0
82,26,4078360,107,86,797738,0,0,1,87,73,192.168.1.29,0
111,34,3762732,89,53,1062425,0,0,1,84,53,192.168.1.2,1
53,26,2980338,10,123,22360,0,0,0,64,56,192.168.1.36,0
24,28,2792825,21,87,383216,0,0,0,75,59,192.168.1.19,0
154,32,4632978,46,179,787567,0,0,1,57,70,192.168.1.7,0
188,41,6193974,103,131,629055,1,0,0,98,78,192.168.1.26,0
124,55,6952941,91,42,271445,0,1,0,74,58,192.168.1.15,0
41,52,4915811,27,98,1759736,0,1,1,74,13,192.168.1.47,1
157,47,1394604,66,160,1580234,0,0,0,107,43,192.168.1.56,0
15,48,2849927,41,109,440179,0,0,0,70,76,192.168.1.38,0
45,66,3974108,112,51,64330,0,0,0,100,51,192.168.1.3,0
65,22,3531638,13,85,61707,0,0,0,88,19,192.168.1.38,0
89,61,1064500,9,174,290833,0,0,1,76,21,192.168.1.16,0
71,67,2967478,116,127,1611948,0,0,0,43,24,192.168.1.2,0
9,31,3776031,36,21,1098963,0,0,0,119,26,192.168.1.31,0
88,28,1439282,86,44,1919824,0,0,0,23,45,192.168.1.28,0
129,26,7312427,106,139,1585506,0,0,0,27,28,192.168.1.7,0
136,51,3703633,90,103,1887145,0,0,0,58,29,192.168.1.30,0
63,29,6511813,58,68,1531624,0,0,0,109,17,192.168.1.43,0
139,52,2740369,54,129,196633,0,1,0,37,68,192.168.1.58,0
81,52,4748242,12,92,1907268,1,1,1,6,44,192.168.1.7,1
136,18,2017060,81,191,1729374,1,1,0,65,61,192.168.1.36,1
163,57,1831519,78,24,844874,1,0,0,6,68,192.168.1.29,0
163,39,7083575,14,125,899493,0,0,1,50,74,192.168.1.24,0
33,46,1589352,34,141,406210,0,0,0,22,25,192.168.1.52,0
123,25,5478714,53,111,788799,0,1,0,105,67,192.168.1.39,0
5,28,7020699,20,98,1446564,0,0,1,88,2,192.168.1.4,1
41,58,2190281,75,139,1420295,0,0,0,25,49,192.168.1.29,0
28,54,4741106,16,179,798245,0,0,0,79,70,192.168.1.44,0
135,31,3122466,115,17,889459,1,0,0,90,26,192.168.1.5,0
72,47,2651317,95,99,1968497,0,0,0,72,72,192.168.1.55,0
12,52,6622398,119,82,94381,1,0,1,51,27,192.168.1.29,0
162,38,2746830,70,104,1832744,0,0,0,88,18,192.168.1.30,0
33,54,3414150,56,152,851708,0,0,1,48,54,192.168.1.29,0
48,22,2368560,83,19,1886251,0,1,1,102,1,192.168.1.26,1
151,36,5460061,101,165,203984,0,0,0,70,61,192.168.1.19,0
62,31,3405214,58,85,1118848,0,0,0,118,3,192.168.1.26,0
37,43,3029180,4,8,1554492,0,0,0,99,68,192.168.1.37,0
99,21,3128599,111,28,1755987,0,1,0,106,41,192.168.1.27,0
172,42,7952019,4,5,1006358,0,0,0,65,37,192.168.1.30,0
104,62,1795843,20,145,748096,1,1,1,60,51,192.168.1.51,1
35,59,4988891,10,101,263091,1,0,1,46,15,192.168.1.53,0
193,42,1426045,24,164,862050,1,1,0,36,8,192.168.1.30,1
101,35,6475539,118,118,274064,0,1,0,58,38,192.168.1.3,0
175,57,4831419,99,147,1164697,0,0,1,76,56,192.168.1.59,1
131,25,5295511,26,64,480435,0,0,0,38,47,192.168.1.58,0
1,56,2224945,37,91,611160,0,0,1,11,10,192.168.1.43,0
5,57,2191538,102,117,1926140,0,0,0,12,78,192.168.1.7,0
142,31,3163999,85,98,274237,0,0,0,42,49,192.168.1.49,0
103,49,1520488,54,11,285049,0,0,1,114,41,192.168.1.57,0
27,68,5590691,104,54,656047,0,0,0,39,30,192.168.1.9,0
137,55,1219065,103,173,427567,0,0,1,71,5,192.168.1.53,0
15,50,3584372,21,47,1351701,0,0,1,11,71,192.168.1.41,1
90,40,5025889,74,140,1918911,0,0,0,36,31,192.168.1.42,0
42,32,2263807,38,149,1915829,0,0,0,52,52,192.168.1.13,0
124,50,3892195,46,139,1429920,0,0,1,31,23,192.168.1.15,1
179,42,2416449,4,5,92289,0,0,1,33,48,192.168.1.54,0
63,34,1089102,60,184,650794,0,0,0,13,40,192.168.1.5,0
96,50,2136737,57,20,1661377,0,1,1,18,6,192.168.1.29,1
52,64,3860006,45,169,1471666,0,0,0,41,38,192.168.1.35,0
96,19,6972585,20,46,1764867,0,0,0,58,41,192.168.1.27,0
132,31,3177074,17,12,1459466,0,0,1,56,27,192.168.1.27,1
151,57,3597753,119,70,1371236,0,0,0,24,75,192.168.1.8,0
143,57,1890805,71,17,269480,1,1,1,73,69,192.168.1.32,1
171,68,5243778,4,115,1844907,0,1,0,31,57,192.168.1.20,0
29,56,4962065,93,147,1774622,0,0,0,55,17,192.168.1.10,0
36,68,3810087,14,154,1546643,0,0,0,105,71,192.168.1.13,0
13,23,1060116,3,48,1389932,0,0,0,10,47,192.168.1.29,0
160,23,3768462,88,108,143498,0,0,0,60,79,192.168.1.35,0
71,20,6886368,101,52,1312600,0,1,0,2,13,192.168.1.54,0
187,24,3842146,80,96,1713834,0,0,0,102,11,192.168.1.8,0
86,68,3418137,58,70,1148585,0,0,0,15,24,192.168.1.29,0
28,25,5014279,55,183,733858,0,0,0,3,73,192.168.1.31,0
66,59,5152099,116,102,433159,0,0,1,43,4,192.168.1.41,0
170,69,4362223,4,75,731755,1,0,0,31,46,192.168.1.30,0
45,32,2057949,24,161,54816,0,0,0,70,18,192.168.1.22,0
62,64,6019243,34,190,14138,1,0,0,67,43,192.168.1.21,0
185,46,3771981,30,151,1149752,0,0,0,56,33,192.168.1.12,0
134,50,4650241,82,143,1396665,1,0,0,63,10,192.168.1.11,0
28,69,6338166,19,155,800449,1,1,0,75,73,192.168.1.2,1
28,47,4759076,31,192,806883,0,0,0,15,59,192.168.1.50,0
108,56,4534340,60,179,1776892,0,0,0,109,31,192.168.1.41,0
44,44,4121765,60,181,366007,0,0,1,116,28,192.168.1.2,0
84,53,1188076,19,82,806710,0,0,0,92,60,192.168.1.34,0
30,46,7751464,49,92,231552,0,0,0,10,3,192.168.1.3,0
190,55,5684797,63,179,53764,0,0,0,38,55,192.168.1.16,0
75,50,7711803,110,175,133030,0,0,0,47,14,192.168.1.51,0
128,54,3909244,83,4,928638,0,1,0,57,58,192.168.1.4,0
92,44,5616909,22,135,1907951,1,0,0,50,15,192.168.1.23,0
190,50,5719799,24,109,1678531,0,0,0,114,2,192.168.1.57,0
129,21,6340070,109,163,326462,0,0,0,71,24,192.168.1.50,0
121,39,2998611,76,48,899855,0,0,0,15,78,192.168.1.20,0
27,19,5756289,30,73,1424718,1,0,0,18,64,192.168.1.25,0
190,27,7291878,58,72,70128,0,0,0,82,71,192.168.1.30,0
121,22,6875205,102,116,229128,0,0,0,116,24,192.168.1.18,0
116,27,2760826,117,173,818301,0,0,0,105,27,192.168.1.42,0
3,50,7677016,31,81,1292116,0,0,0,88,37,192.168.1.11,0
103,55,3644664,100,81,15039,0,0,0,2,39,192.168.1.29,0
198,30,3413275,64,113,162353,1,1,0,104,63,192.168.1.17,1
200,48,2178369,19,96,122935,0,0,0,84,79,192.168.1.26,0
155,64,3223970,48,72,1593306,0,0,0,98,26,192.168.1.56,0
137,53,2890212,45,147,1918796,1,0,0,43,65,192.168.1.57,0
62,62,6030852,100,63,1964737,0,0,0,26,4,192.168.1.23,0
165,41,4971774,94,38,1348306,0,0,0,71,29,192.168.1.56,0
51,69,3041984,55,67,63053,1,0,0,38,1,192.168.1.52,0
172,32,952999,113,187,1240137,0,0,0,94,50,192.168.1.48,0
152,46,5342923,55,69,1797040,0,0,1,42,11,192.168.1.20,1
59,25,861367,97,13,96346,0,0,0,5,74,192.168.1.45,0
118,22,1553315,18,175,339231,0,0,0,11,59,192.168.1.2,0
160,46,5400108,63,189,415841,0,1,1,65,62,192.168.1.24,0
96,64,3805334,116,31,568685,0,0,1,34,36,192.168.1.31,0
180,21,3654190,113,114,1379391,0,0,0,1,56,192.168.1.27,0
113,29,2084382,92,22,126214,1,0,0,83,21,192.168.1.2,0
62,62,7996042,47,93,495001,0,0,0,2,13,192.168.1.57,0
186,19,4653321,75,171,863329,1,0,0,85,9,192.168.1.14,0
52,44,6087618,57,67,1740085,1,0,0,20,11,192.168.1.4,0
12,48,3454837,118,54,997410,0,0,0,61,75,192.168.1.49,0
39,68,4284239,45,138,1457075,0,0,0,87,70,192.168.1.13,0
130,68,1842377,33,42,410826,0,0,1,21,1,192.168.1.36,0
131,53,7293788,17,64,446542,0,0,1,88,70,192.168.1.35,0
113,53,5377033,70,126,1335644,1,1,0,68,77,192.168.1.44,1
101,43,6905931,4,21,647431,0,0,0,12,56,192.168.1.54,0
113,60,4057181,20,194,382397,0,1,0,22,31,192.168.1.55,0
184,44,6062696,112,169,372441,0,0,1,20,37,192.168.1.8,0
81,22,5954048,47,152,1845877,0,0,0,82,47,192.168.1.2,0
187,37,1723780,91,35,893520,0,1,0,1,78,192.168.1.6,0
113,28,3666451,15,184,1846022,0,0,0,30,47,192.168.1.31,0
2,27,6459595,70,30,544391,0,1,0,97,69,192.168.1.54,0
130,57,3268152,47,57,1534314,0,0,0,24,58,192.168.1.10,0
54,55,5207871,78,47,1955325,0,0,1,14,36,192.168.1.44,1
87,23,7687379,75,163,436674,0,1,0,36,32,192.168.1.21,0
129,25,2742811,103,19,1018109,0,0,0,69,64,192.168.1.42,0
147,40,7307640,9,114,92409,1,1,0,75,71,192.168.1.10,1
126,64,1098090,90,8,1081824,0,1,0,24,42,192.168.1.23,0
130,43,1117348,16,26,1540952,0,0,1,60,48,192.168.1.3,1
53,63,6225838,69,113,708876,0,0,1,95,74,192.168.1.32,0
172,60,2126283,116,71,1738106,0,0,1,55,30,192.168.1.20,1
160,29,892324,61,30,1066600,1,0,1,77,21,192.168.1.10,1
198,43,3120688,10,135,485430,0,0,0,80,60,192.168.1.29,0
160,30,2605808,50,67,1293440,0,0,0,24,13,192.168.1.41,0
68,57,2120567,3,65,1930955,0,0,0,77,1,192.168.1.52,0
183,35,5020459,77,36,1233451,0,0,1,24,65,192.168.1.51,1
184,42,5336119,107,25,946800,0,1,0,54,33,192.168.1.46,0
123,50,6684059,113,37,1412549,0,0,0,26,38,192.168.1.34,0
145,64,4815470,94,1,1937716,0,0,1,66,25,192.168.1.37,1
38,57,5454798,118,143,1931672,0,0,0,80,26,192.168.1.20,0
24,60,7240837,109,37,1470049,0,0,0,38,77,192.168.1.8,0
69,29,4077419,70,141,1202503,1,0,0,110,59,192.168.1.7,0
116,61,4422138,81,136,1143754,0,0,0,65,33,192.168.1.6,0
98,53,3340476,109,133,1057380,0,1,0,113,41,192.168.1.11,0
198,65,5029011,51,188,897553,0,0,1,75,30,192.168.1.44,0
139,21,1737841,117,128,1575116,1,0,0,51,57,192.168.1.18,0
144,22,2367053,19,127,816457,0,0,1,35,49,192.168.1.51,0
97,54,2716545,42,1,1456250,1,1,0,43,48,192.168.1.42,1
124,25,3643940,35,164,1122186,0,0,0,29,72,192.168.1.57,0
187,59,5347603,46,35,1653707,0,0,0,37,49,192.168.1.29,0
70,66,4732441,26,194,641525,0,0,0,81,47,192.168.1.25,0
93,45,2007068,115,191,1535753,0,0,0,58,56,192.168.1.21,0
3,48,6516992,69,104,1763767,0,0,1,54,65,192.168.1.46,1
148,26,5164406,93,23,708787,0,0,0,39,12,192.168.1.3,0
187,68,1194274,64,9,1545601,0,1,0,42,69,192.168.1.18,0
164,46,5211589,37,34,1713163,0,0,0,28,6,192.168.1.24,0
147,31,2186980,84,174,1490298,0,0,0,29,65,192.168.1.47,0
90,57,2008052,49,128,1064244,0,0,0,43,25,192.168.1.38,0
195,58,3655994,21,4,1281118,0,0,0,3,1,192.168.1.10,0
147,39,6707440,74,158,188267,0,0,0,116,32,192.168.1.27,0
148,28,3747762,64,102,1918241,0,0,1,10,3,192.168.1.12,1
96,40,3193293,5,75,165489,0,0,0,59,49,192.168.1.7,0
199,18,3840267,100,99,354126,1,0,0,106,19,192.168.1.17,0
52,63,4642323,70,72,1688997,0,0,0,14,60,192.168.1.1,0
161,54,2097076,90,3,1855759,0,0,0,76,29,192.168.1.58,0
168,38,6733297,4,142,318362,0,0,0,47,50,192.168.1.50,0
128,43,1980887,103,188,923081,1,0,0,42,2,192.168.1.26,0
39,63,2607610,39,173,1852360,0,0,1,94,73,192.168.1.15,1
82,53,5239850,114,34,1792988,0,1,0,32,56,192.168.1.51,0
104,40,3548385,35,45,1147411,1,0,0,32,17,192.168.1.33,0
129,18,4515288,1,61,1680357,0,0,0,42,60,192.168.1.37,0
11,68,2724401,24,83,825359,0,1,0,32,36,192.168.1.47,0
185,57,2696220,57,123,1755030,0,1,0,26,61,192.168.1.31,0
178,32,3938744,100,102,111948,0,0,1,115,17,192.168.1.35,0
151,38,946470,70,16,1243770,0,0,0,1,49,192.168.1.1,0
159,64,7735774,41,66,1612357,1,0,1,56,76,192.168.1.8,1
42,26,2167223,54,168,1525331,0,0,0,106,60,192.168.1.12,0
99,26,1855146,46,145,303851,1,0,0,2,20,192.168.1.59,0
7,27,3228081,60,119,1782750,0,0,0,81,50,192.168.1.54,0
144,69,4479126,108,162,1196944,0,0,0,30,3,192.168.1.57,0
90,43,4444843,60,124,1215046,0,0,0,103,43,192.168.1.19,0
112,58,5073445,57,144,307986,0,0,0,71,57,192.168.1.25,0
60,52,5006419,31,102,23261,0,0,1,52,50,192.168.1.57,0
113,69,3984790,84,188,1135285,0,0,0,91,68,192.168.1.32,0
2,42,3706495,24,66,1678849,0,0,0,9,50,192.168.1.12,0
129,43,6337580,89,194,378760,0,0,1,22,37,192.168.1.13,0
48,28,4941363,36,13,863605,0,0,1,34,46,192.168.1.28,0
140,55,7481935,85,184,1352501,0,0,0,110,42,192.168.1.1,0
197,19,2374833,30,111,285796,0,1,0,49,15,192.168.1.51,0
37,24,3727337,24,159,1325823,0,0,1,1,33,192.168.1.6,1
160,35,2848891,108,34,1346220,0,0,0,73,11,192.168.1.8,0
9,44,7489142,106,39,780692,1,1,0,84,20,192.168.1.4,1
99,51,1970439,30,195,1683200,0,0,0,53,24,192.168.1.5,0
147,44,5790961,86,136,438745,0,0,0,83,64,192.168.1.25,0
48,34,4446804,92,120,647787,0,1,0,100,65,192.168.1.22,0
131,60,1447296,7,126,683812,0,0,0,40,73,192.168.1.28,0
148,61,2349302,35,55,845825,0,0,0,45,76,192.168.1.39,0
152,68,3922951,55,27,1482966,1,0,0,68,17,192.168.1.23,0
54,41,2478687,92,118,1516242,1,0,0,9,61,192.168.1.4,0
120,42,1600101,14,53,700796,0,0,1,105,15,192.168.1.52,0
161,24,4900612,10,39,1368126,0,0,1,22,51,192.168.1.4,1
152,69,2759406,80,65,335203,0,0,0,18,27,192.168.1.47,0
116,23,6677845,16,145,1729890,0,0,0,76,74,192.168.1.59,0
75,41,6814126,54,158,354866,0,0,0,106,61,192.168.1.21,0
113,50,6038561,95,181,785107,0,0,0,43,58,192.168.1.37,0
200,66,7139776,106,13,546644,0,0,0,39,31,192.168.1.56,0
164,46,1764918,89,21,662416,0,0,0,73,12,192.168.1.41,0
166,60,1296758,77,147,1026003,0,0,1,6,46,192.168.1.2,1
104,39,6189529,70,53,1060763,1,0,0,83,31,192.168.1.59,0
84,43,6168234,44,19,1922251,0,0,0,48,32,192.168.1.7,0
112,45,7703753,73,57,1880106,0,0,0,111,32,192.168.1.49,0
99,67,5442929,45,25,1544263,0,1,0,7,53,192.168.1.16,0
153,38,828625,100,31,686585,1,0,1,80,61,192.168.1.17,0
93,66,3633552,56,81,1717542,1,0,0,69,46,192.168.1.20,0
146,24,4231961,107,183,1902628,0,0,0,16,74,192.168.1.58,0
128,34,6501934,84,23,1484620,0,1,1,1,7,192.168.1.23,1
110,37,2076647,82,32,1184846,0,0,0,115,4,192.168.1.34,0
82,58,4842608,107,190,1859395,0,0,1,37,52,192.168.1.11,1
194,66,5482315,57,74,341607,0,0,0,103,31,192.168.1.34,0
54,37,6216775,21,10,999336,0,0,0,83,75,192.168.1.33,0
163,39,3327576,68,54,777286,0,0,0,118,36,192.168.1.26,0
189,45,1116205,50,52,1039933,0,0,0,37,54,192.168.1.2,0
169,57,3845315,33,148,930095,0,1,0,81,54,192.168.1.23,0
161,66,3944480,91,160,1050950,1,0,0,64,17,192.168.1.41,0
68,24,5095680,7,114,775791,0,0,0,90,75,192.168.1.22,0
33,18,4370834,70,14,976020,0,1,0,86,30,192.168.1.58,0
142,49,6908446,15,178,363827,0,0,0,62,22,192.168.1.34,0
21,30,3730639,82,156,1644925,0,0,0,72,43,192.168.1.15,0
48,47,3664781,32,110,1818361,0,0,0,61,27,192.168.1.10,0
148,40,6324532,75,53,1139833,0,0,0,33,37,192.168.1.15,0
128,68,4905519,20,152,71753,1,0,0,66,46,192.168.1.42,0
136,36,4417860,88,79,881206,0,0,1,30,35,192.168.1.29,0
135,49,5152360,15,22,1462879,0,0,0,111,4,192.168.1.57,0
195,47,5628761,48,30,1482608,1,0,0,20,26,192.168.1.23,0
145,46,4740285,71,191,1081984,0,0,0,60,19,192.168.1.59,0
128,66,7651803,21,4,134116,0,0,0,82,45,192.168.1.17,0
33,62,5457089,42,59,1032780,0,0,0,107,26,192.168.1.9,0
176,46,6670577,26,8,665496,0,0,1,74,22,192.168.1.50,0
187,47,6977471,108,12,27413,0,0,1,24,58,192.168.1.36,0
115,33,6542533,14,119,647938,0,0,0,4,63,192.168.1.9,0
119,57,3427144,57,159,1118076,0,1,0,37,28,192.168.1.16,0
22,36,5972384,37,34,880946,0,0,0,4,65,192.168.1.36,0
158,35,3625896,58,82,1114934,0,0,0,77,44,192.168.1.48,0
38,18,5736792,21,98,76197,0,0,0,89,43,192.168.1.51,0
109,31,7727023,82,127,503992,0,0,0,77,37,192.168.1.33,0
51,68,2838540,69,75,1806725,1,0,0,18,66,192.168.1.55,0
182,64,5676872,3,105,233492,0,0,1,88,17,192.168.1.31,0
8,67,3539956,87,49,795833,0,0,0,66,40,192.168.1.6,0
27,19,3419980,90,79,436070,1,0,0,48,38,192.168.1.10,0
27,45,7569822,37,185,86240,0,0,1,33,61,192.168.1.16,0
21,66,1521384,88,93,245595,0,0,0,58,9,192.168.1.4,0
30,67,7510595,49,154,1581286,0,0,1,83,77,192.168.1.54,1
97,47,1319777,19,18,1803999,0,0,0,73,75,192.168.1.22,0
28,55,7324005,115,96,1337042,0,0,0,28,61,192.168.1.13,0
111,68,4499181,89,38,1958061,0,0,1,35,16,192.168.1.16,1
192,21,7576421,85,87,1065544,0,0,0,103,2,192.168.1.52,0
197,18,3687698,12,88,299662,0,0,0,10,72,192.168.1.29,0
61,25,5976773,61,50,848357,1,0,0,65,43,192.168.1.6,0
48,46,5030625,41,8,200920,0,0,0,42,42,192.168.1.26,0
147,56,3232593,33,169,908332,1,0,0,85,77,192.168.1.11,0
4,20,4828812,50,134,889854,0,0,1,9,57,192.168.1.24,0
35,49,4831464,117,69,1322420,1,0,1,60,67,192.168.1.29,1
192,27,4190742,68,172,1938790,0,1,1,111,30,192.168.1.3,1
49,27,956498,106,121,242076,0,0,0,15,13,192.168.1.52,0
17,36,6933066,71,64,1081775,0,0,0,99,19,192.168.1.10,0
172,63,3687296,86,157,447805,0,0,0,57,7,192.168.1.1,0
158,51,5388887,119,156,173187,0,0,1,69,9,192.168.1.52,0
46,50,7329845,33,139,465150,1,1,0,105,54,192.168.1.43,1
117,40,3536582,81,121,519551,1,0,0,22,61,192.168.1.26,0
6,45,1900500,24,65,1572518,0,0,0,64,2,192.168.1.58,0
99,49,2376590,61,107,1768252,0,0,0,41,50,192.168.1.12,0
124,67,6394176,61,147,1064096,0,0,0,87,75,192.168.1.14,0
37,24,6070603,98,137,1692678,0,0,1,71,31,192.168.1.25,1
24,46,2761977,28,155,177527,0,0,1,56,33,192.168.1.8,0
93,25,7849926,58,162,780644,0,0,0,23,78,192.168.1.43,0
46,18,4832654,43,172,657652,1,0,0,108,11,192.168.1.4,0
181,20,1464468,41,196,1597819,0,0,1,25,33,192.168.1.28,1
95,41,7300242,39,100,1233697,0,1,0,91,7,192.168.1.7,0
99,40,7778140,86,82,1727853,0,0,0,105,31,192.168.1.10,0
188,25,6933208,49,143,997797,0,0,0,6,48,192.168.1.51,0
116,64,4160160,17,51,1530373,0,0,0,119,47,192.168.1.57,0
191,54,6022704,98,141,260144,0,0,0,34,78,192.168.1.58,0
160,20,4085727,70,83,74925,1,0,0,63,53,192.168.1.36,0
161,68,1680112,110,177,379360,0,0,0,9,19,192.168.1.2,0
67,50,5352994,70,198,604557,0,0,0,60,6,192.168.1.26,0
128,45,3837099,98,112,958458,1,1,1,49,49,192.168.1.53,1
18,64,5074277,65,56,1000121,0,0,1,97,73,192.168.1.50,1
25,25,4795609,74,179,1362178,0,0,1,51,50,192.168.1.14,1
54,51,5628426,85,165,1409757,0,0,0,60,12,192.168.1.58,0
58,52,2842823,5,145,1735049,0,0,0,70,23,192.168.1.16,0
67,49,1848173,2,186,1158553,0,0,0,37,54,192.168.1.54,0
104,41,2302025,22,157,1564414,0,0,1,31,69,192.168.1.43,1
174,31,7379137,112,161,1577739,0,0,0,98,59,192.168.1.42,0
24,49,3391661,57,60,493442,0,1,0,41,36,192.168.1.17,0
114,63,2712584,66,120,840371,1,0,0,62,3,192.168.1.46,0
32,60,4577538,74,183,1087921,0,0,0,93,58,192.168.1.22,0
175,33,6589780,98,138,789976,0,0,0,58,55,192.168.1.4,0
86,21,1025049,16,175,1430827,0,0,1,14,57,192.168.1.19,1
151,69,2117191,112,23,1966874,0,0,1,36,17,192.168.1.2,1
194,54,7258159,51,149,1019869,0,0,0,36,39,192.168.1.39,0
127,38,7088833,39,13,1844662,1,0,1,117,68,192.168.1.9,1
155,31,3661509,86,101,503814,1,0,0,79,55,192.168.1.19,0
130,48,1547419,76,161,341310,0,0,0,8,45,192.168.1.16,0
17,65,1879924,88,24,1761797,0,0,0,26,76,192.168.1.54,0
104,35,6238684,111,108,107406,0,0,0,36,1,192.168.1.25,0
161,24,6830489,40,11,1370018,0,0,0,48,21,192.168.1.48,0
137,27,7227288,38,17,974725,0,0,1,85,21,192.168.1.18,0
43,24,6337803,60,196,1365662,1,0,0,28,52,192.168.1.23,0
176,50,3180932,59,175,1586317,0,0,0,68,43,192.168.1.53,0
39,40,2454753,10,25,1685675,0,0,0,62,52,192.168.1.21,0
170,38,6096431,99,94,589223,0,0,1,80,67,192.168.1.11,0
26,36,1204772,64,21,394583,1,0,0,86,44,192.168.1.39,0
99,65,2515499,115,84,1757306,0,0,0,76,32,192.168.1.41,0
50,36,1371107,63,140,1031436,1,0,0,80,10,192.168.1.4,0
153,53,2875406,49,37,804760,0,0,0,51,64,192.168.1.25,0
152,46,6002863,64,42,1074110,0,0,0,104,79,192.168.1.32,0
13,35,3317334,32,145,1930288,0,0,0,102,69,192.168.1.30,0
60,19,2886213,7,101,1012429,0,0,0,42,68,192.168.1.45,0
135,18,4158509,21,48,1619184,0,0,0,101,28,192.168.1.59,0
57,64,6495985,20,103,1632034,0,0,1,29,53,192.168.1.26,1
36,22,3579499,26,28,1159122,0,0,0,82,51,192.168.1.57,0
173,37,2713722,68,41,614489,0,1,0,10,53,192.168.1.36,0
20,28,3610860,110,99,1056439,0,0,1,106,4,192.168.1.51,1
65,59,1348884,116,47,768761,0,0,0,39,79,192.168.1.34,0
8,19,2799254,86,146,1329360,0,0,1,82,17,192.168.1.9,1
144,20,5844842,15,105,241324,0,0,0,1,67,192.168.1.12,0
142,40,1787471,104,124,494273,0,0,0,39,74,192.168.1.2,0
115,29,5053486,85,199,1743985,0,0,0,21,47,192.168.1.38,0
143,37,4956532,79,13,1457410,0,0,1,65,56,192.168.1.5,1
92,22,7440763,86,141,1292188,0,0,0,15,23,192.168.1.5,0
98,54,7392910,116,100,1769989,0,0,0,4,18,192.168.1.52,0
66,55,6361112,92,31,929424,0,0,1,60,1,192.168.1.22,0
32,47,2501667,14,130,316081,0,0,0,61,35,192.168.1.5,0
191,26,6182858,27,16,735084,0,0,0,20,64,192.168.1.59,0
86,51,5817650,105,137,1201855,0,0,0,10,58,192.168.1.4,0
51,61,7988238,40,73,1255422,0,1,0,87,59,192.168.1.9,0
153,52,4417556,58,166,698332,0,1,0,105,1,192.168.1.29,0
186,69,3667340,28,54,1462591,0,0,0,34,3,192.168.1.22,0
63,39,1058517,26,184,736448,0,0,0,110,67,192.168.1.27,0
190,61,5949458,113,100,432132,0,1,0,48,37,192.168.1.10,0
125,41,2157133,63,109,80463,0,0,1,33,29,192.168.1.16,0
150,34,7228540,66,87,103500,0,0,1,98,33,192.168.1.42,0
58,27,1505475,25,173,1266348,0,1,0,103,61,192.168.1.42,0
58,47,4739311,3,162,571446,1,0,1,61,4,192.168.1.51,0
86,63,7673460,72,137,1143183,0,0,0,10,14,192.168.1.10,0
49,40,7971635,44,8,1964647,0,0,0,54,33,192.168.1.6,0
180,49,1548013,97,7,779305,0,0,1,84,22,192.168.1.49,0
170,34,3588890,42,36,343840,0,0,0,65,48,192.168.1.5,0
70,67,2052078,116,18,857942,0,0,0,77,3,192.168.1.58,0
15,68,5138843,99,3,130076,0,0,1,1,23,192.168.1.6,0
54,34,1224226,6,28,1117268,0,0,0,5,68,192.168.1.59,0
188,31,4467591,39,70,665129,0,0,1,80,21,192.168.1.56,0
101,26,4067727,52,172,727104,1,0,0,15,43,192.168.1.59,0
8,57,4917923,23,149,812242,0,0,0,113,26,192.168.1.47,0
53,19,4403101,89,28,932630,0,1,0,28,41,192.168.1.25,0
60,62,6413201,50,54,171081,0,0,0,95,38,192.168.1.59,0
108,42,7103745,43,182,1170294,0,0,1,23,11,192.168.1.51,1
5,56,5694640,19,65,1411652,0,0,0,112,29,192.168.1.50,0
103,26,1498956,69,100,534480,0,0,0,109,60,192.168.1.4,0
196,39,6983555,51,21,257536,1,0,0,107,67,192.168.1.40,0
6,60,4701529,11,13,46413,0,0,0,17,65,192.168.1.59,0
109,63,4203096,12,57,1202464,0,0,0,113,61,192.168.1.48,0
116,21,5080669,74,49,1621946,1,0,1,98,19,192.168.1.32,1
94,43,7078602,8,118,861480,0,0,0,13,46,192.168.1.56,0
47,46,1554950,24,54,1705994,1,0,0,14,49,192.168.1.51,0
99,62,6943326,92,138,585228,0,0,1,11,22,192.168.1.52,0
55,51,975211,41,53,1746066,0,0,0,28,78,192.168.1.35,0
168,40,4892966,36,44,574430,0,0,0,42,57,192.168.1.10,0
52,54,5057950,101,47,1581356,0,0,1,96,14,192.168.1.34,1
144,28,1065798,85,53,46468,0,1,0,99,44,192.168.1.36,0
13,23,2330814,72,74,958202,0,0,0,61,16,192.168.1.6,0
114,35,6848055,55,46,676015,1,0,0,64,77,192.168.1.43,0
124,38,2683376,9,13,1237545,0,0,1,31,12,192.168.1.46,1
106,59,4691113,47,165,1481867,0,0,1,81,55,192.168.1.16,1
158,53,7820988,15,102,936863,0,0,1,111,51,192.168.1.59,0
147,58,3821097,48,24,925480,0,0,0,73,39,192.168.1.53,0
145,55,955683,110,2,1553989,0,0,0,10,33,192.168.1.19,0
120,51,3803475,104,81,1294763,0,0,0,8,33,192.168.1.34,0
63,34,5626563,82,100,52056,0,0,0,21,29,192.168.1.25,0
19,54,5530741,42,142,61831,0,0,0,77,69,192.168.1.31,0
92,42,6405126,60,138,855623,0,0,1,59,70,192.168.1.49,0
58,55,6364213,84,163,783952,1,0,1,50,31,192.168.1.41,0
183,29,6806144,70,153,918380,0,0,0,69,31,192.168.1.17,0
90,40,2787755,12,131,436488,0,0,0,70,46,192.168.1.47,0
117,59,2706039,2,111,642405,0,0,0,30,77,192.168.1.30,0
62,39,5561260,7,102,286815,0,0,0,95,52,192.168.1.39,0
23,38,2255465,80,17,1347768,0,1,1,17,10,192.168.1.54,1
127,44,4992814,3,12,1003778,0,0,1,75,74,192.168.1.55,1
137,48,1794170,109,182,1870971,0,0,0,20,41,192.168.1.31,0
140,23,3509644,3,116,578242,0,0,0,48,77,192.168.1.19,0
129,44,1011830,27,24,1524101,0,0,0,73,3,192.168.1.35,0
58,57,6239381,114,29,243192,1,0,0,2,59,192.168.1.29,0
122,51,4362613,107,171,1416150,0,0,0,37,52,192.168.1.59,0
1,29,7256596,40,153,535005,0,0,0,1,34,192.168.1.1,0
34,62,6787029,102,122,1332396,0,0,0,4,49,192.168.1.4,0
96,24,7316616,33,188,1456226,0,0,1,100,28,192.168.1.28,1
126,27,4129049,92,90,1239458,0,0,0,54,13,192.168.1.18,0
118,62,5555976,1,65,1177272,0,0,0,25,69,192.168.1.26,0
48,34,1321998,119,84,1022140,0,0,0,3,67,192.168.1.40,0
89,43,7697673,8,119,1975838,0,0,0,9,61,192.168.1.19,0
117,38,4860119,101,156,14994,0,0,0,86,60,192.168.1.55,0
129,45,4546169,32,16,800666,0,0,0,87,71,192.168.1.55,0
16,63,6802296,48,175,79300,0,0,0,76,24,192.168.1.57,0
189,19,875388,107,104,316093,0,0,0,74,63,192.168.1.6,0
192,60,7647145,101,92,571693,0,0,1,34,61,192.168.1.1,0
191,18,7610183,4,186,1355592,0,1,0,43,23,192.168.1.8,0
69,68,2575767,94,27,1362935,0,0,1,74,30,192.168.1.33,1
22,53,3129753,70,181,1606049,0,0,0,94,60,192.168.1.51,0
93,68,6076964,110,170,1757378,0,0,0,22,18,192.168.1.43,0
195,43,6294339,118,187,526479,0,0,0,70,56,192.168.1.21,0
76,46,6677809,19,175,1503551,0,1,0,114,53,192.168.1.24,0
154,38,7196567,32,162,1886161,0,0,1,2,7,192.168.1.25,1
144,28,2297618,9,165,349679,0,0,0,94,69,192.168.1.47,0
179,57,7521123,12,134,1716517,0,0,1,66,72,192.168.1.55,1
86,28,7254438,11,135,1110293,0,0,1,32,79,192.168.1.57,1
185,53,7389641,46,153,1061339,0,1,0,106,52,192.168.1.43,0
29,66,4821080,119,33,365054,0,0,0,16,4,192.168.1.19,0
69,56,5228690,16,55,1114056,0,1,0,76,34,192.168.1.29,0
47,57,4289443,1,186,1752695,1,0,1,1,69,192.168.1.53,1
94,52,6239433,63,7,1265715,0,0,1,117,33,192.168.1.10,1
190,51,3358944,109,57,1176670,0,0,0,72,69,192.168.1.56,0
197,64,1301174,119,126,690667,1,0,1,48,38,192.168.1.12,0
144,41,3681777,117,12,761731,1,0,0,50,26,192.168.1.33,0
176,39,3548996,21,16,1593928,0,0,0,13,1,192.168.1.56,0
85,22,995246,30,43,1135424,0,0,0,15,4,192.168.1.7,0
39,50,4496176,13,117,1620412,0,0,0,53,39,192.168.1.17,0
100,53,3143394,34,135,1226593,0,0,1,44,54,192.168.1.58,1
33,64,1311083,4,111,802908,0,0,0,8,33,192.168.1.10,0
101,37,7109089,28,51,454972,0,0,0,74,33,192.168.1.31,0
23,36,1812384,102,160,1935109,0,0,0,46,72,192.168.1.6,0
10,52,1666964,95,75,1585246,1,0,0,69,20,192.168.1.17,0
69,69,849104,59,8,452899,0,0,0,114,16,192.168.1.50,0
100,60,3856277,119,45,491215,0,0,0,19,21,192.168.1.37,0
34,34,1663663,27,59,710636,0,0,0,111,45,192.168.1.18,0
180,62,6583182,69,132,1543673,0,0,0,38,62,192.168.1.26,0
138,60,7780571,25,104,1562092,0,0,0,11,31,192.168.1.49,0
147,51,5558982,3,195,430162,0,0,0,117,42,192.168.1.54,0
186,26,6134538,97,157,1662562,0,1,0,43,12,192.168.1.16,0
96,43,7149449,68,157,780050,0,0,0,20,65,192.168.1.8,0
1,19,5200072,25,98,1826245,0,0,0,20,73,192.168.1.24,0
69,26,2006861,20,156,1001437,1,0,0,21,3,192.168.1.13,0
4,26,5765452,34,79,1998415,0,0,0,82,9,192.168.1.29,0
16,57,3919612,26,124,55095,0,0,0,57,51,192.168.1.32,0
24,34,3691005,5,172,1531722,0,0,1,50,16,192.168.1.24,1
80,18,5736600,99,4,402118,0,0,1,74,78,192.168.1.16,0
2,42,7059457,61,90,1872205,0,1,0,98,3,192.168.1.11,0
128,60,5536319,92,104,1972627,0,0,0,26,24,192.168.1.32,0
160,57,7990306,93,137,1604874,1,0,1,30,73,192.168.1.6,1
84,59,6571526,9,119,1475915,1,0,0,73,13,192.168.1.59,0
152,42,1057681,116,133,360067,0,0,0,110,2,192.168.1.35,0
140,56,894018,102,56,1716826,0,1,1,115,71,192.168.1.33,1
178,52,6429481,50,96,1451246,0,0,0,31,21,192.168.1.18,0
163,20,2798197,6,178,1167738,0,0,0,42,19,192.168.1.37,0
124,67,2854780,83,75,393071,0,0,0,119,47,192.168.1.13,0
33,54,4239782,60,143,280170,0,0,0,68,22,192.168.1.10,0
161,61,5223408,44,32,1385645,1,1,0,61,75,192.168.1.37,1
189,61,1642186,11,28,1651706,0,0,0,61,33,192.168.1.26,0
179,68,5187814,66,22,1354385,1,0,0,70,32,192.168.1.46,0
171,47,6152727,47,17,281421,0,1,0,78,64,192.168.1.17,0
101,55,6989755,108,59,183311,0,1,0,68,39,192.168.1.1,0
12,51,2293293,108,90,450880,0,0,0,90,72,192.168.1.25,0
67,29,3351314,73,199,844440,0,0,0,111,42,192.168.1.34,0
65,36,7916355,85,106,1859691,0,0,0,112,9,192.168.1.39,0
161,54,6338917,88,185,666030,1,0,0,103,25,192.168.1.10,0
168,61,1924905,98,26,1278859,0,0,1,17,2,192.168.1.20,1
74,66,6073887,86,25,683249,1,0,0,19,19,192.168.1.7,0
43,34,3905958,3,138,1507404,1,0,0,51,20,192.168.1.56,0
44,27,5689196,76,45,709895,0,0,0,113,70,192.168.1.16,0
29,66,6359277,92,83,350686,1,0,0,70,17,192.168.1.37,0
141,64,6055203,30,11,1375039,1,0,0,63,68,192.168.1.29,0
12,29,7989223,90,181,255144,0,0,0,93,3,192.168.1.12,0
95,33,4058084,112,104,1937075,0,0,0,75,51,192.168.1.17,0
46,41,7726688,21,68,1735575,1,0,0,80,26,192.168.1.48,0
130,36,1004451,28,95,1254360,0,0,1,30,56,192.168.1.20,1
35,25,2780290,90,156,944137,0,0,1,25,64,192.168.1.26,0
81,48,4224328,62,65,786505,1,0,0,104,8,192.168.1.48,0
90,38,5549959,33,49,962164,0,0,0,75,37,192.168.1.19,0
8,34,1203322,85,175,341119,0,0,0,71,27,192.168.1.58,0
93,40,7159464,35,52,1221820,0,0,0,26,45,192.168.1.47,0
154,54,5371843,52,102,462413,0,0,0,56,4,192.168.1.12,0
90,33,5110796,34,182,1159734,0,0,0,22,37,192.168.1.21,0
162,23,7163696,41,188,986351,1,0,1,89,71,192.168.1.42,0
115,25,5981057,51,57,1856585,0,1,0,19,33,192.168.1.58,0
105,42,7817403,47,47,873731,0,0,0,31,31,192.168.1.54,0
135,35,7364356,82,159,816608,0,0,0,26,55,192.168.1.34,0
196,42,7552683,58,174,1122548,0,1,0,42,12,192.168.1.7,0
58,29,6341402,75,26,916450,0,0,0,41,11,192.168.1.45,0
114,32,7226783,57,114,1541583,1,0,0,100,72,192.168.1.35,0
75,43,4877716,23,5,1492795,1,0,1,23,32,192.168.1.15,1
157,58,7741447,48,84,292140,0,1,0,47,57,192.168.1.1,0
120,62,5837285,22,52,1683786,0,0,0,13,38,192.168.1.26,0
164,43,5159879,17,105,1931606,1,0,1,89,60,192.168.1.35,1
21,64,2890545,69,54,1618795,1,0,0,66,19,192.168.1.25,0
164,49,2708802,108,161,658456,0,0,0,66,56,192.168.1.42,0
138,27,2348075,11,178,1225358,0,0,1,16,14,192.168.1.59,1
101,33,1293948,94,166,1181675,0,0,0,73,33,192.168.1.59,0
152,24,4968962,15,155,568981,1,0,0,28,10,192.168.1.15,0
192,34,4544085,91,15,118944,0,0,0,77,64,192.168.1.22,0
177,40,7320645,35,61,1807519,0,0,1,35,64,192.168.1.59,1
99,43,7489921,33,122,1790438,0,0,0,41,62,192.168.1.6,0
36,38,7342507,84,21,1862382,1,0,0,77,68,192.168.1.52,0
96,39,7741285,16,46,257572,0,0,0,31,43,192.168.1.15,0
152,24,5708240,34,197,1402191,0,0,0,85,59,192.168.1.24,0
151,31,6554658,66,134,1628777,0,0,0,32,52,192.168.1.21,0
190,32,1580641,99,38,1968691,0,0,0,54,19,192.168.1.7,0
37,24,5266134,40,62,207097,0,0,0,98,21,192.168.1.57,0
12,26,2354205,28,86,840948,1,0,0,72,22,192.168.1.29,0
113,68,7406963,47,190,622084,1,0,1,59,9,192.168.1.32,0
183,65,7451143,39,78,298213,1,0,0,41,9,192.168.1.32,0
13,25,2504597,70,46,1963341,1,0,0,112,73,192.168.1.53,0
23,67,4565689,73,141,983737,0,1,1,66,27,192.168.1.59,0
99,40,3351331,20,3,1143387,1,1,0,102,17,192.168.1.5,1
105,46,3927748,1,6,1248697,0,0,0,96,44,192.168.1.4,0
30,35,7134284,72,93,1815756,0,0,1,54,45,192.168.1.22,1
17,48,1635036,119,8,390172,1,0,0,40,8,192.168.1.18,0
113,47,3169822,87,172,1622042,0,0,0,28,18,192.168.1.35,0
62,69,4801070,63,108,1877829,0,0,0,37,33,192.168.1.17,0
84,56,3188278,67,161,464151,0,1,0,105,1,192.168.1.50,0
112,52,3683791,4,75,551287,0,0,0,65,76,192.168.1.50,0
86,35,6274921,58,77,1514314,0,1,0,105,6,192.168.1.56,0
141,59,4980413,25,50,1359432,1,0,0,74,41,192.168.1.24,0
187,56,4296605,47,11,1254199,1,0,0,55,55,192.168.1.2,0
19,34,5748600,38,95,705532,0,0,0,4,5,192.168.1.13,0
177,31,7216438,15,156,305866,0,0,0,99,59,192.168.1.54,0
100,48,2105487,63,70,807057,0,0,1,10,18,192.168.1.15,0
140,41,6111499,21,169,208237,1,0,0,47,49,192.168.1.5,0
189,52,1108623,99,16,541147,0,0,1,75,65,192.168.1.3,0
147,61,4447371,57,68,969113,0,0,0,14,54,192.168.1.37,0
76,62,4096903,117,99,970811,0,0,0,38,61,192.168.1.37,0
9,51,3068115,53,48,645274,0,0,0,12,8,192.168.1.37,0
199,20,1990402,46,184,1815518,0,0,0,45,3,192.168.1.3,0
28,54,6798223,116,64,1342559,1,0,0,17,25,192.168.1.35,0
128,60,7959325,14,187,1347936,0,1,0,80,69,192.168.1.52,0
52,57,1947116,100,90,849385,0,0,0,35,55,192.168.1.23,0
83,43,3756566,76,190,1536273,0,0,0,66,40,192.168.1.28,0
111,40,4572763,17,76,1512385,0,0,0,75,50,192.168.1.30,0
144,61,7278450,39,139,59522,0,0,0,41,33,192.168.1.18,0
117,56,1110375,9,101,240233,0,0,0,67,18,192.168.1.58,0
69,32,2926453,99,89,408102,0,0,0,29,57,192.168.1.52,0
99,66,2071300,77,18,1431969,0,0,0,18,16,192.168.1.36,0
140,21,4459731,79,19,17485,1,0,0,20,38,192.168.1.33,0
25,46,6038631,82,55,1483247,0,0,0,111,41,192.168.1.26,0
180,39,5188087,115,102,1825920,1,1,1,14,7,192.168.1.48,1
123,42,4642411,97,118,1992847,0,1,0,34,78,192.168.1.40,0
53,30,7110208,6,154,122701,0,0,0,49,53,192.168.1.17,0
151,35,1815416,91,134,217352,0,0,0,54,63,192.168.1.40,0
144,50,7829021,23,4,1685502,0,0,1,31,32,192.168.1.7,1
57,33,6927764,59,108,194514,0,0,0,58,38,192.168.1.57,0
39,62,5663059,91,115,455093,0,0,1,104,22,192.168.1.8,0
109,59,3114181,98,29,808658,0,0,0,42,16,192.168.1.53,0
181,61,5901973,46,59,627693,0,1,0,58,52,192.168.1.56,0
42,19,6099153,38,125,1867596,0,1,1,82,29,192.168.1.31,1
186,52,4204231,14,98,1268624,0,0,0,30,16,192.168.1.59,0
167,59,6659046,100,17,1745645,0,0,0,25,76,192.168.1.58,0
142,51,6834207,117,107,1015535,0,0,1,63,17,192.168.1.12,1
122,47,4065696,72,43,47019,0,0,1,19,64,192.168.1.48,0
133,30,5372148,62,80,972452,0,0,0,72,13,192.168.1.31,0
163,30,5005003,35,194,1320073,0,0,0,92,72,192.168.1.44,0
75,35,4141861,19,162,599421,0,1,1,8,56,192.168.1.19,0
146,49,5528307,30,8,1959452,1,0,0,95,5,192.168.1.10,0
76,49,3415804,78,141,1780394,1,0,1,3,12,192.168.1.39,1
9,52,5112717,84,106,389747,0,0,0,67,41,192.168.1.12,0
74,56,2782243,113,8,168598,0,0,0,108,3,192.168.1.20,0
186,63,2492128,25,96,662873,0,0,1,86,33,192.168.1.37,0
145,69,4213654,40,94,1503990,0,0,0,81,50,192.168.1.48,0
7,46,6786417,88,65,1828036,1,0,0,100,56,192.168.1.41,0
174,66,4070209,14,171,1551326,0,0,0,17,9,192.168.1.7,0
141,46,1015400,26,39,839827,0,0,0,14,50,192.168.1.52,0
168,61,3457025,102,81,427247,0,1,0,115,29,192.168.1.54,0
170,33,6859994,87,187,478758,0,0,1,9,39,192.168.1.58,0
137,61,4124664,22,84,1708678,0,0,0,62,45,192.168.1.14,0
178,64,5386440,48,88,965205,0,0,0,94,17,192.168.1.11,0
27,27,4394058,83,86,384743,1,0,1,21,56,192.168.1.7,0
122,47,5384258,110,93,35939,0,0,0,76,46,192.168.1.29,0
194,42,2935219,51,86,976649,0,1,0,37,67,192.168.1.10,0
5,56,2546621,3,44,947828,1,1,0,96,69,192.168.1.29,1
29,37,5012377,42,137,1212515,0,0,1,11,14,192.168.1.9,1
165,22,5030339,19,165,796635,1,0,0,20,67,192.168.1.36,0
166,18,2044625,73,74,944048,1,0,0,35,23,192.168.1.48,0
83,47,1033782,28,36,943403,0,0,0,53,61,192.168.1.10,0
136,66,7706117,84,101,1874071,0,0,0,47,23,192.168.1.19,0
109,20,6912674,45,156,1673744,0,0,0,110,27,192.168.1.56,0
65,62,5609109,71,170,538036,1,0,0,75,54,192.168.1.31,0
86,31,4535466,78,171,1294670,0,0,0,52,10,192.168.1.17,0
145,47,2383246,63,170,1437989,0,0,1,8,77,192.168.1.9,1
71,67,1526331,73,104,877196,1,1,0,4,16,192.168.1.45,1
45,21,2594291,119,66,1210532,1,0,0,27,41,192.168.1.33,0
132,35,7153385,19,55,1214831,1,0,0,44,55,192.168.1.34,0
36,54,5752075,47,176,1009074,0,0,0,40,61,192.168.1.45,0
70,42,4698606,116,91,474462,1,0,0,102,49,192.168.1.24,0
159,65,3782448,14,22,904468,0,0,0,47,73,192.168.1.9,0
19,18,5661993,38,101,684619,1,0,0,94,52,192.168.1.7,0
189,63,3678117,53,155,1749895,0,1,0,44,2,192.168.1.16,0
108,32,5281617,61,121,912957,0,0,0,48,50,192.168.1.19,0
182,26,5081772,36,93,1485249,0,0,0,112,43,192.168.1.39,0
167,32,2843037,40,195,357823,0,0,0,91,77,192.168.1.6,0
91,66,5186007,81,108,1184405,0,0,0,85,8,192.168.1.50,0
90,41,6087913,30,141,1186792,0,0,0,52,59,192.168.1.51,0
19,21,4533149,9,173,1978183,0,1,0,84,65,192.168.1.11,0
39,29,3887821,64,10,1648765,0,0,0,68,12,192.168.1.12,0
126,54,6116741,33,9,1826250,1,0,1,11,4,192.168.1.58,1
195,54,3604802,52,182,185607,0,0,0,77,77,192.168.1.42,0
173,60,4957263,89,155,419319,0,0,0,73,41,192.168.1.13,0
141,23,5288198,14,34,1680910,0,1,0,4,7,192.168.1.12,0
126,56,2413325,75,129,362156,0,1,0,76,69,192.168.1.21,0
58,63,4412744,53,160,1661142,0,0,0,73,69,192.168.1.10,0
148,41,1926798,99,89,284535,0,0,1,77,30,192.168.1.20,0
200,28,3533460,105,93,1161052,0,0,0,48,73,192.168.1.50,0
61,30,6853538,59,71,956405,1,0,1,26,6,192.168.1.36,0
127,51,7884609,78,67,392865,1,1,1,102,19,192.168.1.28,1
105,42,7016538,94,148,631825,0,0,0,106,66,192.168.1.24,0
167,24,7636353,41,117,1926167,1,0,0,77,10,192.168.1.5,0
1,69,4915362,68,94,927472,0,0,0,39,16,192.168.1.37,0
131,21,2503377,68,163,191429,0,0,0,92,37,192.168.1.12,0
92,25,2052557,92,99,1276556,0,0,1,58,79,192.168.1.58,1
190,37,5098515,8,113,1562127,0,0,0,19,77,192.168.1.35,0
191,46,4132049,2,103,831935,0,0,1,88,77,192.168.1.40,0
113,68,2290687,105,91,1545251,0,0,0,83,32,192.168.1.54,0
153,62,5481993,110,90,1133979,0,0,1,113,47,192.168.1.2,1
56,63,1723160,86,17,598574,0,0,1,77,72,192.168.1.50,0
161,27,4857025,41,18,346986,0,0,0,77,43,192.168.1.41,0
166,60,7952408,55,173,114927,0,0,0,58,36,192.168.1.45,0
117,51,4402684,16,116,1859916,0,0,0,28,26,192.168.1.39,0
134,43,3747893,93,93,495833,0,1,1,117,10,192.168.1.42,0
58,58,6072864,62,181,1502418,0,0,1,66,31,192.168.1.9,1
44,66,4588963,113,91,309372,0,0,1,10,29,192.168.1.22,0
173,20,4674910,48,82,33386,1,0,0,86,5,192.168.1.47,0
160,23,3951629,30,68,1236402,0,0,0,77,77,192.168.1.5,0
173,22,3059776,12,193,1562734,0,0,1,58,1,192.168.1.12,1
61,22,4168045,35,114,1349022,0,0,0,73,3,192.168.1.1,0
47,64,5687349,11,1,1381535,0,0,1,97,67,192.168.1.44,1
149,40,5985773,64,58,262156,0,0,0,14,71,192.168.1.22,0
80,66,5140092,110,154,1012252,0,0,0,112,35,192.168.1.38,0
118,26,5632691,50,109,859776,0,0,0,84,15,192.168.1.51,0
164,52,3432578,85,148,963122,0,0,0,15,67,192.168.1.19,0
147,37,7782114,21,116,1956611,0,0,0,96,30,192.168.1.16,0
20,66,1768616,69,87,479450,0,0,0,33,75,192.168.1.31,0
185,59,5017733,48,10,333258,0,0,0,17,43,192.168.1.51,0
146,52,2050956,20,59,258724,0,0,0,24,60,192.168.1.3,0
47,67,2290036,101,41,211202,0,1,0,30,40,192.168.1.23,0
49,35,3669729,67,105,1084101,0,0,0,62,65,192.168.1.42,0
14,34,7979156,44,133,1138394,0,0,1,13,29,192.168.1.59,1
143,41,2609377,33,122,124589,0,0,0,62,74,192.168.1.18,0
159,20,1865923,117,193,1203982,0,0,1,47,19,192.168.1.26,1
1,49,2520856,73,145,629003,0,0,0,112,3,192.168.1.13,0
117,52,1356110,61,22,203839,1,0,0,16,36,192.168.1.58,0
54,55,1764163,9,98,803076,0,0,0,66,43,192.168.1.18,0
118,30,3812539,68,169,373298,1,1,0,81,15,192.168.1.3,1
3,64,6525195,35,68,516453,0,0,0,96,41,192.168.1.58,0
144,42,5002271,81,197,960437,0,0,0,43,36,192.168.1.23,0
185,26,4842879,98,139,267438,0,0,0,8,77,192.168.1.3,0
12,21,4481887,88,56,839901,0,0,0,116,33,192.168.1.55,0
74,31,3122523,96,179,436903,0,0,0,3,5,192.168.1.25,0
16,54,6251404,65,149,903041,0,0,0,12,78,192.168.1.27,0
200,51,4675358,8,99,455872,0,0,0,84,14,192.168.1.58,0
102,28,2013261,45,76,420591,0,1,0,16,68,192.168.1.44,0
152,58,5546771,87,26,1565811,0,0,0,78,47,192.168.1.27,0
156,20,1051537,47,115,1572527,1,0,0,80,54,192.168.1.52,0
117,45,2556124,40,147,1385926,0,1,0,59,4,192.168.1.39,0
8,46,1641531,76,109,892894,0,0,1,117,9,192.168.1.25,0
122,26,1664645,54,188,1750543,0,0,1,49,53,192.168.1.24,1
92,20,2228127,76,199,1666042,0,1,0,63,77,192.168.1.8,0
164,42,5930076,46,47,1758322,0,0,0,62,78,192.168.1.9,0
90,51,1271082,47,71,1837330,1,1,0,107,60,192.168.1.46,1
136,29,2721277,15,154,449503,0,0,0,49,46,192.168.1.37,0
186,59,5054849,105,40,1145300,0,0,0,51,54,192.168.1.30,0
60,26,7315350,19,133,763492,0,1,0,118,74,192.168.1.53,0
178,32,7818962,26,149,106393,1,0,0,33,37,192.168.1.19,0
28,57,4247794,52,132,1972322,0,0,0,30,23,192.168.1.53,0
101,42,7090898,93,23,1659176,0,0,0,59,27,192.168.1.16,0
41,22,2415777,22,106,1920332,1,1,0,76,70,192.168.1.24,1
192,28,4304905,104,84,605484,0,0,0,15,66,192.168.1.44,0
155,51,4312664,21,143,1652878,1,0,0,82,61,192.168.1.21,0
191,41,7341953,51,116,411426,0,0,0,92,77,192.168.1.36,0
145,32,1773181,38,109,1724858,0,0,0,23,51,192.168.1.40,0
161,55,3916810,20,136,1488081,0,0,0,78,50,192.168.1.39,0
157,25,2291633,29,41,1580889,0,0,0,94,19,192.168.1.47,0
141,22,5695996,51,112,1091916,1,0,0,97,1,192.168.1.6,0
46,65,2333854,4,147,311994,0,0,1,45,40,192.168.1.5,0
35,43,7997751,55,112,984488,0,0,0,62,32,192.168.1.14,0
134,35,2861774,71,103,1555491,0,0,1,79,22,192.168.1.53,1
82,23,6198984,92,46,647999,0,0,0,71,66,192.168.1.45,0
115,54,3590358,28,156,749538,0,1,0,15,40,192.168.1.42,0
197,65,4660562,4,68,1069670,0,0,0,116,38,192.168.1.50,0
47,30,3990664,22,122,1932967,0,0,0,106,48,192.168.1.4,0
153,45,7776610,76,15,960922,0,0,0,46,55,192.168.1.8,0
194,22,2565524,45,165,1850749,0,0,0,64,75,192.168.1.24,0
10,30,2050632,67,129,1694449,0,0,1,102,55,192.168.1.11,1
56,34,7010715,86,195,475590,0,0,1,46,51,192.168.1.17,0
30,67,3122621,108,111,1569067,1,0,0,56,60,192.168.1.50,0
109,57,6969458,66,24,1443284,1,1,0,118,8,192.168.1.21,1
5,62,937478,88,27,1127374,0,0,0,44,68,192.168.1.57,0
119,49,4043087,34,40,912458,0,0,0,75,75,192.168.1.26,0
33,46,1709711,91,191,211604,0,0,1,29,72,192.168.1.43,0
118,68,4511584,55,189,120130,0,1,1,95,9,192.168.1.48,0
65,20,7713283,105,164,818596,0,0,1,62,2,192.168.1.44,0
146,57,2419715,1,24,700955,0,0,0,89,70,192.168.1.45,0
177,51,3390310,72,24,40257,0,0,0,52,59,192.168.1.27,0
11,57,2427687,87,4,417427,1,0,0,54,19,192.168.1.16,0
85,44,7114768,38,67,892421,0,0,1,88,28,192.168.1.55,0
26,30,1760612,6,34,932736,0,0,0,57,72,192.168.1.26,0
63,62,1227387,86,185,995257,0,1,0,83,14,192.168.1.53,0
86,50,7526451,25,177,1111267,0,1,0,66,24,192.168.1.33,0
59,23,4446259,82,181,1662632,1,0,1,22,44,192.168.1.31,1
27,41,6928035,17,116,428829,0,1,0,20,56,192.168.1.48,0
177,36,7890299,61,23,548314,0,0,0,33,51,192.168.1.47,0
161,33,2344613,12,109,759450,0,0,1,72,32,192.168.1.6,0
98,57,2097638,6,69,1351628,0,0,1,25,50,192.168.1.44,1
105,45,7934897,90,95,553898,0,0,0,46,41,192.168.1.8,0
99,50,5429988,27,181,1236294,1,0,0,73,66,192.168.1.7,0
129,65,2954174,8,62,1556933,1,0,1,98,25,192.168.1.34,1
149,58,3230525,83,169,335329,0,0,1,57,61,192.168.1.44,0
55,30,6225148,106,57,868999,0,0,0,87,66,192.168.1.53,0
6,60,3895010,65,188,1237222,1,0,0,5,42,192.168.1.14,0
197,62,3256070,57,54,1051482,0,0,0,55,65,192.168.1.16,0
95,42,1289626,93,70,1576996,0,0,1,61,36,192.168.1.43,1
133,59,1088859,109,101,1280699,0,0,0,89,76,192.168.1.52,0
102,53,5808341,113,57,1553812,0,1,0,8,9,192.168.1.9,0
3,44,6667021,99,138,832614,0,0,0,16,36,192.168.1.10,0
181,55,5549766,40,168,1961144,0,0,1,118,38,192.168.1.17,1
23,24,5921764,14,135,928074,0,1,0,48,33,192.168.1.12,0
53,22,2346236,35,103,1549582,0,0,0,109,42,192.168.1.6,0
165,60,4801412,48,166,553576,0,0,0,116,61,192.168.1.19,0
83,62,6235901,109,85,875256,1,0,0,61,46,192.168.1.43,0
145,68,3090870,84,61,1667289,1,0,0,15,61,192.168.1.41,0
85,48,1394305,56,3,10917,1,0,0,65,18,192.168.1.53,0
78,40,5057341,49,128,1920610,0,0,0,22,70,192.168.1.29,0
110,59,4559834,13,179,1022544,0,0,1,3,15,192.168.1.6,1
1,27,3427988,61,86,861007,0,0,0,102,48,192.168.1.59,0
51,49,7732725,102,47,868950,0,0,0,54,72,192.168.1.25,0
173,60,6277093,49,196,787475,0,0,0,14,13,192.168.1.57,0
4,47,1004366,46,76,1097680,0,0,0,36,43,192.168.1.24,0
190,56,1302420,113,38,683422,0,0,0,82,60,192.168.1.25,0
193,48,3051401,62,164,289143,1,0,1,111,57,192.168.1.16,0
113,35,6329046,8,169,272091,0,0,0,105,71,192.168.1.52,0
32,53,2479161,43,197,1513637,0,0,0,82,17,192.168.1.16,0
34,19,1838199,20,141,413157,0,0,1,67,50,192.168.1.6,0
92,31,1460902,97,87,595457,1,0,0,10,32,192.168.1.37,0
95,30,2338112,90,58,1213118,0,0,1,49,22,192.168.1.21,1
72,46,6103308,39,50,1188320,1,0,0,103,55,192.168.1.4,0
39,29,2526676,85,30,1955692,1,1,0,111,57,192.168.1.34,1
154,56,2170073,117,190,69821,0,0,0,65,13,192.168.1.28,0
162,19,4953585,49,101,1276317,0,0,0,91,47,192.168.1.38,0
182,49,2485996,64,25,259265,0,1,0,57,62,192.168.1.41,0
118,30,6230484,62,112,447651,0,0,0,27,54,192.168.1.28,0
3,63,7631796,106,155,1456321,0,0,0,75,29,192.168.1.17,0
123,44,4046417,107,179,1272703,0,0,1,113,22,192.168.1.14,1
50,66,1502436,54,185,284336,1,0,0,5,65,192.168.1.7,0
12,58,3343788,105,126,1394822,1,0,1,71,29,192.168.1.22,1
193,34,7747487,9,123,213834,0,0,0,83,48,192.168.1.51,0
54,57,7353763,88,47,1817402,0,0,0,57,5,192.168.1.1,0
133,48,2152144,37,118,1959902,0,0,1,93,35,192.168.1.29,1
57,51,2351330,49,39,1145371,0,0,0,15,74,192.168.1.52,0
145,41,1771248,41,16,1223735,0,0,1,99,71,192.168.1.31,1
112,62,5457851,17,22,338821,0,0,0,111,46,192.168.1.30,0
47,52,7495306,88,54,669987,0,0,0,101,35,192.168.1.57,0
151,65,6178750,21,149,253877,0,0,0,119,45,192.168.1.15,0
85,23,6327444,51,16,1257874,1,1,0,76,13,192.168.1.18,1
142,36,3407411,59,59,1557419,0,0,0,30,10,192.168.1.35,0
66,47,2493439,39,31,930759,0,0,0,20,66,192.168.1.50,0
75,24,2631094,55,170,1771369,0,0,0,37,70,192.168.1.30,0
179,27,4237172,41,32,146285,0,0,0,3,72,192.168.1.34,0
103,58,1859325,39,187,1160988,0,0,0,73,25,192.168.1.42,0
166,49,7719875,13,162,1602268,0,0,0,41,44,192.168.1.11,0
192,51,6723361,64,9,126545,0,0,0,39,60,192.168.1.27,0
38,45,2763571,11,139,1477172,0,0,1,26,47,192.168.1.24,1
50,32,6342511,110,10,1280704,0,0,1,2,40,192.168.1.35,1
98,47,5219323,19,17,684533,0,0,0,23,7,192.168.1.39,0
82,54,6469457,11,68,1766963,0,1,1,23,46,192.168.1.8,1
30,46,6850535,77,48,1868997,1,0,0,85,23,192.168.1.51,0
79,39,1397218,46,180,795945,0,0,1,16,46,192.168.1.18,0
91,21,4615144,45,111,1428826,1,0,0,9,13,192.168.1.13,0
179,37,4236252,1,153,296663,0,0,0,13,21,192.168.1.45,0
191,49,1617052,40,123,791163,1,0,0,28,1,192.168.1.24,0
52,53,2785957,108,149,1867447,0,0,0,27,19,192.168.1.51,0
166,67,5713705,19,101,1439290,0,0,0,51,60,192.168.1.23,0
79,21,7069324,76,102,1004453,0,0,0,64,33,192.168.1.12,0
30,44,2228080,72,65,24995,0,0,1,52,4,192.168.1.49,0
106,34,1901928,72,191,33559,0,0,0,81,3,192.168.1.30,0
51,29,3321279,61,51,531244,0,0,0,38,52,192.168.1.31,0
81,39,2900343,117,36,1409769,0,0,0,100,28,192.168.1.28,0
133,34,4896392,109,81,408237,0,0,0,65,70,192.168.1.22,0
29,27,6919848,12,127,632288,0,0,0,18,70,192.168.1.44,0
132,18,3526016,61,88,1735055,0,0,0,63,55,192.168.1.28,0
138,39,2044289,112,194,454755,0,1,0,51,57,192.168.1.13,0
184,43,1242939,33,104,498051,0,0,0,9,16,192.168.1.25,0
145,35,1852207,45,15,835782,0,0,0,13,24,192.168.1.44,0
74,67,4082972,90,96,449439,1,0,1,40,69,192.168.1.51,0
17,31,1104224,103,167,1084093,0,0,1,55,41,192.168.1.46,1
84,64,5214473,92,123,1530445,0,0,0,109,77,192.168.1.7,0
69,46,3511793,69,198,425466,1,0,0,79,47,192.168.1.45,0
34,29,6456377,8,1,1274134,0,1,0,43,76,192.168.1.6,0
6,53,5547263,25,151,486111,0,0,0,44,69,192.168.1.24,0
53,52,6689979,91,122,885564,0,0,0,110,31,192.168.1.19,0
194,69,3119124,46,167,494282,0,0,0,68,30,192.168.1.19,0
126,29,4723227,87,126,1518590,0,0,1,33,18,192.168.1.36,1
43,24,2873290,30,57,1505991,0,0,0,24,44,192.168.1.51,0
115,46,6432758,109,81,1575615,0,0,0,36,27,192.168.1.9,0
111,28,5742625,47,162,1904554,1,1,0,115,26,192.168.1.48,1
151,50,7600135,87,169,531396,0,0,0,105,60,192.168.1.59,0
183,23,3318970,49,73,1164262,0,0,0,10,18,192.168.1.36,0
80,64,4689877,47,141,1671015,0,0,0,100,56,192.168.1.38,0
95,32,2527408,84,70,1324047,0,0,0,20,31,192.168.1.40,0
118,49,3601742,82,6,1703182,0,0,0,105,59,192.168.1.59,0
144,68,3888272,18,84,957272,0,0,0,109,2,192.168.1.29,0
8,28,1855675,66,52,729778,1,0,0,108,39,192.168.1.24,0
132,40,6816854,68,3,1546178,1,0,0,75,61,192.168.1.48,0
104,43,4364375,94,81,1044451,0,1,0,12,63,192.168.1.5,0
132,51,7672236,33,63,1756724,0,1,0,62,18,192.168.1.53,0
184,63,1765188,36,49,1698809,0,0,1,18,17,192.168.1.54,1
25,51,5548703,82,76,1272032,0,0,0,94,39,192.168.1.42,0
195,46,2961088,101,112,318974,0,0,1,108,71,192.168.1.55,0
96,21,3120484,19,175,62446,0,0,1,112,54,192.168.1.45,0
195,34,4905223,111,109,1032582,0,0,0,101,76,192.168.1.26,0
155,52,3622988,28,183,1466952,0,0,0,63,35,192.168.1.14,0
93,30,4719047,40,192,721943,1,0,1,84,11,192.168.1.39,0
160,58,4268792,84,65,1485790,0,0,0,25,61,192.168.1.29,0
178,56,1287510,113,81,954734,0,0,0,12,44,192.168.1.52,0
61,32,7154986,97,195,150148,0,0,1,21,68,192.168.1.6,0
122,46,4375168,76,15,1652205,0,0,0,25,25,192.168.1.7,0
51,46,6595250,115,100,41085,0,0,0,11,48,192.168.1.37,0
147,28,4855447,15,32,1376291,0,0,0,64,32,192.168.1.53,0
21,69,2473879,41,96,1466507,0,0,1,73,4,192.168.1.18,1
5,49,2580752,39,128,534006,0,1,0,50,38,192.168.1.23,0
92,19,6912900,2,196,1449028,0,0,0,62,63,192.168.1.44,0
170,64,4093331,63,146,1064326,0,0,1,89,47,192.168.1.38,1
61,31,5869076,29,113,1958939,0,0,0,99,1,192.168.1.59,0
22,37,4564455,105,83,350912,1,1,0,116,3,192.168.1.1,1
149,39,5135518,74,43,1570336,0,0,0,96,62,192.168.1.4,0
70,28,7730797,66,116,45903,0,0,0,49,64,192.168.1.51,0
1,44,6615523,51,163,1262137,0,1,0,14,17,192.168.1.44,0
133,20,1203082,75,78,1673900,0,0,0,1,78,192.168.1.47,0
12,34,1001139,77,58,622242,0,1,0,81,62,192.168.1.35,0
90,61,6022798,10,33,522493,0,1,1,25,35,192.168.1.23,0
46,45,4704722,14,14,1486106,0,1,0,59,13,192.168.1.27,0
34,46,6015622,82,162,1500017,1,0,0,72,35,192.168.1.26,0
177,38,3546866,51,189,1015489,0,0,0,69,43,192.168.1.52,0
78,64,7679771,118,132,879446,0,0,1,5,2,192.168.1.8,0
45,33,6494002,73,59,1486971,0,0,0,105,56,192.168.1.43,0
155,54,2007786,39,157,651593,0,0,0,99,77,192.168.1.16,0
73,37,892601,28,83,1564209,0,0,0,19,51,192.168.1.41,0
26,23,3975684,3,134,1477130,0,0,0,23,54,192.168.1.3,0
47,36,4184068,84,121,1544227,0,0,0,9,16,192.168.1.32,0
121,22,1429085,70,177,210753,0,0,0,118,18,192.168.1.5,0
56,20,2759925,27,168,42101,0,0,0,94,7,192.168.1.20,0
94,18,3809887,117,83,12775,0,0,1,50,45,192.168.1.14,0
107,55,2318087,2,193,1694361,0,0,0,16,36,192.168.1.32,0
63,32,6703679,93,197,500399,0,0,0,33,41,192.168.1.26,0
48,51,2813321,38,27,55619,1,0,0,2,42,192.168.1.47,0
61,52,6871845,3,80,1310964,0,0,1,14,7,192.168.1.6,1
81,66,3318638,16,134,422755,0,0,0,110,15,192.168.1.59,0
26,42,1403103,94,13,1816210,0,0,1,1,60,192.168.1.58,1
36,41,5033583,40,64,1902132,0,0,1,90,40,192.168.1.36,1
1,29,5366235,2,190,75149,0,0,0,58,37,192.168.1.40,0
8,35,2789968,81,147,36616,1,1,0,89,66,192.168.1.51,1
113,32,3045854,41,80,756055,0,0,0,16,55,192.168.1.59,0
99,61,6103943,12,123,1244215,0,0,0,79,77,192.168.1.5,0
180,33,7865343,35,43,1751035,0,0,0,90,56,192.168.1.13,0
47,44,6297191,107,89,216903,0,0,0,47,44,192.168.1.32,0
127,25,7743640,65,148,1289894,0,0,1,44,57,192.168.1.16,1
56,63,6733384,55,95,1906807,0,0,0,80,6,192.168.1.1,0
14,42,5439681,45,196,1048218,0,0,1,14,32,192.168.1.13,1
28,34,6532814,79,172,362365,0,0,0,93,74,192.168.1.54,0
78,46,3416241,90,151,911311,0,0,0,24,18,192.168.1.11,0
130,25,3643586,101,2,297623,0,0,1,111,68,192.168.1.53,0
109,32,2057008,85,120,371309,0,0,0,55,73,192.168.1.8,0
154,44,7273507,62,22,65863,0,1,0,15,7,192.168.1.25,0
14,63,4870211,49,115,1231691,0,0,0,83,8,192.168.1.40,0
187,67,5937997,95,57,1927577,0,0,0,72,64,192.168.1.32,0
56,69,4643688,25,72,505654,0,0,0,34,7,192.168.1.24,0
115,24,6495656,23,7,1561899,0,0,0,2,41,192.168.1.28,0
7,20,4416984,24,184,1467200,0,0,0,27,40,192.168.1.14,0
3,46,5117561,38,119,787635,0,0,1,74,3,192.168.1.45,0
111,61,4818365,28,195,723340,0,0,0,99,17,192.168.1.3,0
151,41,6311934,21,114,1010460,1,0,1,87,66,192.168.1.36,1
107,20,1803171,54,16,288495,0,0,0,113,79,192.168.1.27,0
18,37,7047911,107,83,1193779,0,0,0,72,52,192.168.1.20,0
38,63,3700737,18,179,257908,0,1,0,92,22,192.168.1.47,0
115,32,2170485,36,72,841257,0,0,0,23,4,192.168.1.15,0
15,42,7845900,99,124,1856357,0,0,1,68,6,192.168.1.27,1
192,47,2481076,45,113,1250579,0,0,0,14,38,192.168.1.53,0
119,31,2411935,119,12,1889262,0,0,0,63,26,192.168.1.45,0
28,24,912990,73,126,1883233,0,1,0,117,11,192.168.1.41,0
39,34,6112399,53,53,1556175,0,0,0,106,17,192.168.1.28,0
185,61,6052383,102,75,1333173,0,0,1,93,31,192.168.1.25,1
17,37,6234655,30,133,1732750,0,0,1,65,77,192.168.1.42,1
86,53,1781883,60,27,1732199,0,0,0,68,35,192.168.1.44,0
126,26,2468321,108,140,611982,1,0,0,63,16,192.168.1.46,0
44,55,5707530,98,145,1598599,0,0,0,96,79,192.168.1.33,0
25,65,4093705,32,134,943334,0,0,0,97,18,192.168.1.46,0
145,39,2418702,67,97,1892901,0,1,1,113,62,192.168.1.14,1
13,19,6954512,67,5,710033,0,0,0,90,27,192.168.1.8,0
25,41,2300071,28,57,923438,0,0,0,81,35,192.168.1.48,0
68,25,4559505,44,156,754822,0,0,0,103,45,192.168.1.14,0
138,28,826806,79,78,579354,0,0,1,87,35,192.168.1.1,0
67,30,6218952,41,69,1814251,0,0,0,64,28,192.168.1.16,0
109,34,5409688,63,118,144445,0,0,0,32,9,192.168.1.18,0
146,25,5064423,23,120,413551,1,0,0,116,76,192.168.1.7,0
111,38,2673722,104,59,951245,0,0,0,79,15,192.168.1.15,0
111,35,6228045,75,33,1855700,0,1,1,13,21,192.168.1.24,1
34,47,7721176,48,62,579829,0,0,0,66,52,192.168.1.49,0
111,35,7562097,32,50,1223705,0,0,0,19,35,192.168.1.51,0
8,63,7970837,57,112,601271,0,0,0,24,51,192.168.1.55,0
